0.0,6858
0.1,0
0.2,25032
0.3,270340
0.4,201917
0.5,93675
0.6,616
0.7,0
0.8,0
0.9,0
1.0,0
1.1,0
1.2,0
1.3,0
1.4,0
1.5,0
1.6,0
1.7,0
1.8,0
1.9,0
2.0,0
2.1,0
2.2,0
2.3,0
2.4,0
2.5,0
2.6,0
2.7,0
2.8,0
2.9,0
3.0,0
3.1,0
3.2,742
3.3,1300
3.4,6334
3.5,1187
3.6,26240
3.7,30498
3.8,1300
3.9,916
4.0,16361
4.1,88087
4.2,190723
4.3,39723
4.4,86342
4.5,200740
4.6,171907
4.7,110272
4.8,218262
4.9,62662
5.0,68935
5.1,77360
5.2,56906
5.3,5843
5.4,1824
5.5,14310
5.6,3210
5.7,1656
5.8,4815
5.9,169235
6.0,120219
6.1,174606
6.2,164999
6.3,247796
6.4,5151
6.5,0
6.6,0
6.7,0
6.8,0
6.9,0
7.0,0
7.1,0
7.2,0
7.3,0
7.4,0
7.5,0
7.6,0
7.7,0
7.8,0
7.9,0
8.0,0
8.1,0
8.2,0
8.3,5429
8.4,24105
8.5,220716
8.6,276883
8.7,298589
8.8,325631
8.9,307545
9.0,176116
9.1,85467
9.2,314122
9.3,247408
9.4,307383
9.5,248980
9.6,290088
9.7,194889
9.8,199705
9.9,320839
10.0,244429
10.1,272060
10.2,291708
10.3,261417
10.4,259635
10.5,287563
10.6,97831
10.7,28648
10.8,24817
10.9,19441
11.0,252882
11.1,306486
11.2,45085
11.3,6296
11.4,182781
11.5,260803
11.6,203135
11.7,250827
11.8,245105
11.9,305282
12.0,138949
12.1,2339
12.2,278568
12.3,240893
12.4,242730
12.5,223132
12.6,186953
12.7,77007
12.8,171920
12.9,54938
13.0,251075
13.1,338295
13.2,206325
13.3,301270
13.4,303361
13.5,134468
13.6,194379
13.7,252941
13.8,312063
13.9,310035
14.0,238158
14.1,276217
14.2,272333
14.3,237409
14.4,216531
14.5,240974
14.6,233760
14.7,262103
14.8,143989
14.9,203081
15.0,211203
15.1,243939
15.2,165571
15.3,166246
15.4,146270
15.5,227931
15.6,248904
15.7,247529
15.8,259738
15.9,154
16.0,58239
16.1,269596
16.2,283910
16.3,274312
16.4,235833
16.5,263437
16.6,19185
16.7,5367
16.8,22307
16.9,286202
17.0,231260
17.1,238203
17.2,276447
17.3,276827
17.4,252049
17.5,257901
17.6,291784
17.7,186342
17.8,161245
17.9,149863
18.0,33418
18.1,60176
18.2,94873
18.3,25862
18.4,60299
18.5,53468
18.6,43886
18.7,39639
18.8,21967
18.9,46263
19.0,32474
19.1,69742
19.2,30948
19.3,14538
19.4,11424
19.5,93125
19.6,6447
19.7,50107
19.8,68274
19.9,85976
20.0,129162
20.1,113403
20.2,141285
20.3,86683
20.4,77369
20.5,88467
20.6,88620
20.7,85922
20.8,78997
20.9,92711
21.0,98854
21.1,90362
21.2,112187
21.3,145056
21.4,87437
21.5,76237
21.6,153684
21.7,173432
21.8,63482
21.9,73410
22.0,188888
22.1,172768
22.2,101971
22.3,130840
22.4,141979
22.5,119887
22.6,149443
22.7,92446
22.8,114374
22.9,148973
23.0,139323
23.1,101599
23.2,105850
23.3,150197
23.4,170709
23.5,162068
23.6,123712
23.7,178225
23.8,166531
23.9,182719
24.0,213915
24.1,230910
24.2,169372
24.3,217476
24.4,206405
24.5,223194
24.6,229466
24.7,227685
24.8,182267
24.9,231027
25.0,127322
25.1,246278
25.2,169455
25.3,119989
25.4,131940
25.5,140570
25.6,106774
25.7,198259
25.8,179087
25.9,207161
26.0,245973
26.1,132165
26.2,139052
26.3,137550
26.4,89544
26.5,121491
26.6,107343
26.7,165138
26.8,156954
26.9,108133
27.0,141236
27.1,94845
27.2,165307
27.3,148827
27.4,120258
27.5,108051
27.6,112881
27.7,76736
27.8,120503
27.9,155955
28.0,53137
28.1,126085
28.2,29247
28.3,189243
28.4,100333
28.5,75015
28.6,83129
28.7,123456
28.8,98399
28.9,57869
29.0,102509
29.1,117950
29.2,54459
29.3,45344
29.4,65155
29.5,47884
29.6,49286
29.7,111856
29.8,95747
29.9,179434
30.0,83081
30.1,92093
30.2,65167
30.3,72981
30.4,202739
30.5,64282
30.6,158763
30.7,192478
30.8,137177
30.9,75665
31.0,71561
31.1,96608
31.2,88369
31.3,110815
31.4,157225
31.5,61356
31.6,109615
31.7,77146
31.8,152829
31.9,180006
32.0,241653
32.1,290274
32.2,305391
32.3,173766
32.4,227441
32.5,233410
32.6,247747
32.7,274329
32.8,111245
32.9,50912
33.0,144241
33.1,236477
33.2,198562
33.3,260133
33.4,243760
33.5,125286
33.6,77542
33.7,209548
33.8,162187
33.9,202134
34.0,235544
34.1,209846
34.2,154860
34.3,93192
34.4,95342
34.5,43690
34.6,0
34.7,0
34.8,0
34.9,0
35.0,0
35.1,0
35.2,0
35.3,0
35.4,0
35.5,0
35.6,0
35.7,0
35.8,0
35.9,81785
36.0,247077
36.1,224017
36.2,176778
36.3,267190
36.4,77524
36.5,235385
36.6,166156
36.7,24141
36.8,47775
36.9,21269
37.0,36425
37.1,0
37.2,627
37.3,53848
37.4,166057
37.5,0
37.6,0
37.7,0
37.8,0
37.9,0
38.0,0
38.1,0
38.2,0
38.3,0
38.4,0
38.5,0
38.6,0
38.7,0
38.8,0
38.9,0
39.0,0
39.1,0
39.2,0
39.3,0
39.4,0
39.5,5213
39.6,198436
39.7,103711
39.8,183751
39.9,220598
40.0,201088
40.1,125606
40.2,89328
40.3,191706
40.4,145454
40.5,131876
40.6,83130
40.7,0
40.8,0
40.9,0
41.0,0
41.1,0
41.2,0
41.3,0
41.4,0
41.5,0
41.6,0
41.7,0
41.8,0
41.9,0
42.0,0
42.1,0
42.2,0
42.3,401
42.4,0
42.5,0
42.6,0
42.7,0
42.8,0
42.9,0
43.0,1795
43.1,129450
43.2,157973
43.3,78174
43.4,95644
43.5,161850
43.6,211683
43.7,186724
43.8,210081
43.9,174750
44.0,0
44.1,0
44.2,0
44.3,0
44.4,0
44.5,0
44.6,0
44.7,0
44.8,0
44.9,0
45.0,0
45.1,0
45.2,0
45.3,0
45.4,0
45.5,0
45.6,0
45.7,0
45.8,0
45.9,0
46.0,0
46.1,0
46.2,0
46.3,0
46.4,0
46.5,0
46.6,6917
46.7,250722
46.8,297010
46.9,316655
47.0,323221
47.1,87597
47.2,0
47.3,0
47.4,0
47.5,0
47.6,0
47.7,0
47.8,0
47.9,0
48.0,0
48.1,0
48.2,0
48.3,0
48.4,0
48.5,0
48.6,0
48.7,0
48.8,116991
48.9,74639
49.0,0
49.1,0
49.2,0
49.3,0
49.4,0
49.5,0
49.6,449
49.7,0
49.8,0
49.9,178139
50.0,311473
50.1,154168
50.2,295750
50.3,35409
50.4,295
50.5,1221
50.6,154
50.7,0
50.8,0
50.9,0
51.0,0
51.1,0
51.2,0
51.3,0
51.4,0
51.5,0
51.6,0
51.7,0
51.8,0
51.9,0
52.0,0
52.1,0
52.2,0
52.3,0
52.4,0
52.5,0
52.6,0
52.7,0
52.8,0
52.9,0
53.0,0
53.1,0
53.2,0
53.3,0
53.4,77074
53.5,218476
53.6,206565
53.7,279289
53.8,274307
53.9,215461
54.0,89541
54.1,105043
54.2,0
54.3,0
54.4,0
54.5,0
54.6,0
54.7,0
54.8,0
54.9,0
55.0,0
55.1,0
55.2,0
55.3,0
55.4,0
55.5,0
55.6,0
55.7,0
55.8,0
55.9,0
56.0,0
56.1,0
56.2,0
56.3,0
56.4,0
56.5,0
56.6,0
56.7,0
56.8,69077
56.9,171685
57.0,58546
57.1,104978
57.2,129606
57.3,135712
57.4,146363
57.5,153068
57.6,147589
57.7,193614
57.8,133185
57.9,109905
58.0,107314
58.1,0
58.2,0
58.3,0
58.4,0
58.5,0
58.6,0
58.7,0
58.8,0
58.9,0
59.0,0
59.1,0
59.2,0
59.3,0
59.4,0
59.5,0
59.6,0
59.7,0
59.8,0
59.9,0
60.0,0
60.1,0
60.2,0
60.3,0
60.4,0
60.5,0
60.6,0
60.7,0
60.8,0
60.9,0
61.0,0
61.1,0
61.2,0
61.3,0
61.4,0
61.5,0
61.6,0
61.7,0
61.8,130878
61.9,272668
62.0,224631
62.1,261100
62.2,93577
62.3,0
62.4,0
62.5,0
62.6,0
62.7,0
62.8,0
62.9,0
63.0,0
63.1,0
63.2,0
63.3,0
63.4,0
63.5,3489
63.6,154
63.7,410
63.8,0
63.9,0
64.0,3574
64.1,265471
64.2,239983
64.3,223545
64.4,273498
64.5,208782
64.6,154542
64.7,39555
64.8,0
64.9,0
65.0,0
65.1,0
65.2,0
65.3,0
65.4,0
65.5,0
65.6,0
65.7,0
65.8,0
65.9,0
66.0,0
66.1,0
66.2,0
66.3,0
66.4,0
66.5,0
66.6,0
66.7,0
66.8,0
66.9,0
67.0,0
67.1,0
67.2,0
67.3,109384
67.4,233878
67.5,299052
67.6,279256
67.7,128220
67.8,0
67.9,0
68.0,0
68.1,0
68.2,0
68.3,0
68.4,0
68.5,0
68.6,0
68.7,0
68.8,0
68.9,0
69.0,0
69.1,0
69.2,0
69.3,0
69.4,0
69.5,0
69.6,0
69.7,0
69.8,45335
69.9,100362
70.0,179747
70.1,191373
70.2,155140
70.3,115651
70.4,155754
70.5,301788
70.6,216272
70.7,19650
70.8,0
70.9,0
71.0,0
71.1,0
71.2,0
71.3,0
71.4,0
71.5,0
71.6,0
71.7,0
71.8,0
71.9,0
72.0,0
72.1,0
72.2,0
72.3,401
72.4,0
72.5,0
72.6,0
72.7,0
72.8,0
72.9,0
73.0,0
73.1,0
73.2,0
73.3,47401
73.4,232894
73.5,275145
73.6,261638
73.7,277985
73.8,232206
73.9,0
74.0,0
74.1,0
74.2,0
74.3,0
74.4,0
74.5,0
74.6,0
74.7,0
74.8,191232
74.9,10297
75.0,0
75.1,0
75.2,0
75.3,0
75.4,0
75.5,0
75.6,0
75.7,0
75.8,0
75.9,0
76.0,0
76.1,0
76.2,0
76.3,0
76.4,0
76.5,0
76.6,0
76.7,0
76.8,0
76.9,0
77.0,5213
77.1,289957
77.2,323467
77.3,176158
77.4,0
77.5,0
77.6,0
77.7,0
77.8,0
77.9,0
78.0,0
78.1,0
78.2,0
78.3,0
78.4,0
78.5,0
78.6,0
78.7,0
78.8,0
78.9,0
79.0,0
79.1,0
79.2,0
79.3,0
79.4,0
79.5,0
79.6,37970
79.7,261265
79.8,95761
79.9,115773
80.0,127884
80.1,215087
80.2,179591
80.3,325687
80.4,286567
80.5,217715
80.6,0
80.7,0
80.8,204
80.9,295
81.0,0
81.1,0
81.2,0
81.3,0
81.4,0
81.5,0
81.6,0
81.7,0
81.8,0
81.9,0
82.0,0
82.1,0
82.2,0
82.3,0
82.4,0
82.5,0
82.6,0
82.7,0
82.8,0
82.9,0
83.0,1840
83.1,159122
83.2,189246
83.3,245582
83.4,154827
83.5,205362
83.6,238615
83.7,221284
83.8,211
83.9,0
84.0,0
84.1,672
84.2,186
84.3,0
84.4,0
84.5,0
84.6,0
84.7,0
84.8,0
84.9,0
85.0,0
85.1,827
85.2,3050
85.3,173536
85.4,46345
85.5,0
85.6,0
85.7,0
85.8,0
85.9,0
86.0,0
86.1,0
86.2,0
86.3,0
86.4,0
86.5,0
86.6,0
86.7,0
86.8,0
86.9,0
87.0,0
87.1,0
87.2,0
87.3,0
87.4,0
87.5,0
87.6,0
87.7,3517
87.8,217249
87.9,303931
88.0,303875
88.1,292244
88.2,17349
88.3,0
88.4,0
88.5,0
88.6,0
88.7,0
88.8,0
88.9,0
89.0,0
89.1,0
89.2,0
89.3,0
89.4,0
89.5,0
89.6,0
89.7,0
89.8,0
89.9,0
90.0,0
90.1,0
90.2,0
90.3,0
90.4,0
90.5,0
90.6,0
90.7,0
90.8,8704
90.9,173216
91.0,200770
91.1,190448
91.2,246803
91.3,190009
91.4,145948
91.5,297360
91.6,102675
91.7,0
91.8,0
91.9,0
92.0,0
92.1,0
92.2,0
92.3,0
92.4,0
92.5,3295
92.6,0
92.7,0
92.8,0
92.9,0
93.0,0
93.1,0
93.2,0
93.3,57733
93.4,252070
93.5,297727
93.6,284558
93.7,75498
93.8,0
93.9,0
94.0,0
94.1,0
94.2,0
94.3,0
94.4,0
94.5,0
94.6,0
94.7,0
94.8,934
94.9,0
95.0,0
95.1,0
95.2,915
95.3,397
95.4,0
95.5,0
95.6,753
95.7,0
95.8,122871
95.9,292419
96.0,191233
96.1,259638
96.2,172845
96.3,191512
96.4,37771
96.5,154
96.6,67080
96.7,127979
96.8,295
96.9,0
97.0,0
97.1,0
97.2,0
97.3,0
97.4,0
97.5,0
97.6,0
97.7,0
97.8,0
97.9,0
98.0,0
98.1,0
98.2,0
98.3,0
98.4,0
98.5,0
98.6,793
98.7,0
98.8,1137
98.9,0
99.0,0
99.1,0
99.2,0
99.3,0
99.4,0
99.5,1705
99.6,165288
99.7,147161
99.8,174609
99.9,149236
100.0,110329
100.1,97669
100.2,0
100.3,0
100.4,0
100.5,0
100.6,0
100.7,0
100.8,0
100.9,0
101.0,0
101.1,317
101.2,0
101.3,0
101.4,0
101.5,0
101.6,0
101.7,0
101.8,67561
101.9,262055
102.0,293958
102.1,289568
102.2,323937
102.3,94813
102.4,0
102.5,0
102.6,0
102.7,0
102.8,0
102.9,0
103.0,0
103.1,0
103.2,0
103.3,0
103.4,0
103.5,8381
103.6,3634
103.7,154
103.8,0
103.9,0
104.0,72869
104.1,240884
104.2,295928
104.3,163872
104.4,182925
104.5,308985
104.6,135811
104.7,68797
104.8,0
104.9,0
105.0,0
105.1,0
105.2,0
105.3,0
105.4,0
105.5,0
105.6,0
105.7,0
105.8,0
105.9,0
106.0,0
106.1,0
106.2,0
106.3,0
106.4,0
106.5,0
106.6,0
106.7,0
106.8,104481
106.9,238651
107.0,225672
107.1,228458
107.2,344616
107.3,306467
107.4,173612
107.5,295
107.6,0
107.7,0
107.8,0
107.9,0
108.0,0
108.1,0
108.2,0
108.3,0
108.4,0
108.5,0
108.6,0
108.7,0
108.8,0
108.9,0
109.0,0
109.1,0
109.2,0
109.3,0
109.4,0
109.5,0
109.6,0
109.7,0
109.8,0
109.9,0
110.0,0
110.1,0
110.2,0
110.3,0
110.4,14349
110.5,275948
110.6,209826
110.7,152659
110.8,148202
110.9,661
111.0,0
111.1,0
111.2,0
111.3,0
111.4,0
111.5,0
111.6,0
111.7,0
111.8,0
111.9,0
112.0,0
112.1,0
112.2,0
112.3,0
112.4,0
112.5,0
112.6,0
112.7,0
112.8,11149
112.9,181401
113.0,157813
113.1,253515
113.2,243833
113.3,197130
113.4,226576
113.5,79571
113.6,0
113.7,0
113.8,0
113.9,0
114.0,0
114.1,0
114.2,0
114.3,0
114.4,0
114.5,0
114.6,0
114.7,0
114.8,0
114.9,0
115.0,25068
115.1,161375
115.2,223870
115.3,273610
115.4,227390
115.5,185769
115.6,639
115.7,0
115.8,0
115.9,0
116.0,0
116.1,0
116.2,0
116.3,0
116.4,0
116.5,0
116.6,0
116.7,0
116.8,0
116.9,0
117.0,0
117.1,0
117.2,0
117.3,84716
117.4,142674
117.5,106241
117.6,158345
117.7,148522
117.8,162681
117.9,74387
118.0,116864
118.1,156772
118.2,182188
118.3,196574
118.4,162053
118.5,242238
118.6,57679
118.7,0
118.8,0
118.9,0
119.0,0
119.1,0
119.2,0
119.3,0
119.4,0
119.5,0
119.6,0
119.7,0
119.8,0
119.9,0
120.0,0
120.1,0
120.2,0
120.3,0
120.4,0
120.5,0
120.6,0
120.7,0
120.8,0
120.9,0
121.0,0
121.1,0
121.2,0
121.3,0
121.4,0
121.5,0
121.6,0
121.7,0
121.8,0
121.9,0
122.0,499
122.1,0
122.2,0
122.3,66164
122.4,223897
122.5,248770
122.6,269967
122.7,245174
122.8,231092
122.9,136371
123.0,0
123.1,0
123.2,0
123.3,0
123.4,0
123.5,0
123.6,0
123.7,0
123.8,0
123.9,0
124.0,0
124.1,0
124.2,0
124.3,0
124.4,0
124.5,0
124.6,0
124.7,0
124.8,0
124.9,0
125.0,0
125.1,0
125.2,0
125.3,0
125.4,0
125.5,0
125.6,0
125.7,0
125.8,130274
125.9,237878
126.0,226519
126.1,186906
126.2,155758
126.3,176609
126.4,203969
126.5,60889
126.6,0
126.7,0
126.8,0
126.9,0
127.0,0
127.1,0
127.2,0
127.3,0
127.4,0
127.5,0
127.6,0
127.7,0
127.8,0
127.9,0
128.0,0
128.1,0
128.2,0
128.3,0
128.4,0
128.5,24381
128.6,182186
128.7,2545
128.8,0
128.9,0
129.0,0
129.1,0
129.2,0
129.3,0
129.4,0
129.5,0
129.6,0
129.7,0
129.8,0
129.9,0
130.0,0
130.1,0
130.2,0
130.3,0
130.4,0
130.5,0
130.6,0
130.7,0
130.8,174226
130.9,260618
131.0,290898
131.1,286234
131.2,159520
131.3,0
131.4,0
131.5,0
131.6,0
131.7,0
131.8,0
131.9,0
132.0,0
132.1,0
132.2,0
132.3,0
132.4,0
132.5,0
132.6,0
132.7,0
132.8,0
132.9,0
133.0,0
133.1,0
133.2,0
133.3,0
133.4,0
133.5,57167
133.6,298101
133.7,237273
133.8,314385
133.9,141968
134.0,0
134.1,0
134.2,0
134.3,0
134.4,0
134.5,0
134.6,0
134.7,0
134.8,0
134.9,0
135.0,0
135.1,0
135.2,0
135.3,0
135.4,0
135.5,0
135.6,0
135.7,0
135.8,0
135.9,0
136.0,0
136.1,0
136.2,0
136.3,0
136.4,0
136.5,0
136.6,0
136.7,0
136.8,0
136.9,0
137.0,0
137.1,0
137.2,0
137.3,0
137.4,0
137.5,0
137.6,0
137.7,0
137.8,0
137.9,0
138.0,0
138.1,0
138.2,0
138.3,0
138.4,0
138.5,0
138.6,0
138.7,0
138.8,0
138.9,0
139.0,0
139.1,0
139.2,0
139.3,0
139.4,0
139.5,0
139.6,0
139.7,0
139.8,0
139.9,365
140.0,0
140.1,0
140.2,0
140.3,0
140.4,698
140.5,0
140.6,0
140.7,921
140.8,0
140.9,0
141.0,0
141.1,0
141.2,0
141.3,0
141.4,0
141.5,0
141.6,0
141.7,0
141.8,0
141.9,0
142.0,0
142.1,0
142.2,0
142.3,0
142.4,0
142.5,0
142.6,0
142.7,0
142.8,0
142.9,0
143.0,0
143.1,0
143.2,0
143.3,0
143.4,0
143.5,5543
143.6,2059
143.7,885
143.8,0
143.9,365
144.0,0
144.1,0
144.2,0
144.3,0
144.4,0
144.5,0
144.6,0
144.7,0
144.8,0
144.9,0
145.0,0
145.1,0
145.2,0
145.3,0
145.4,0
145.5,0
145.6,365
145.7,0
145.8,0
145.9,1597
146.0,0
146.1,0
146.2,0
146.3,0
146.4,0
146.5,0
146.6,0
146.7,415
146.8,0
146.9,1381
147.0,0
147.1,0
147.2,0
147.3,0
147.4,0
147.5,0
147.6,0
147.7,0
147.8,0
147.9,1098
148.0,368
148.1,0
148.2,0
148.3,0
148.4,0
148.5,0
148.6,0
148.7,0
148.8,0
148.9,0
149.0,0
149.1,0
149.2,0
149.3,0
149.4,0
149.5,0
149.6,0
149.7,0
149.8,0
149.9,0
150.0,0
150.1,0
150.2,0
150.3,0
150.4,0
150.5,0
150.6,0
150.7,0
150.8,0
150.9,0
151.0,0
151.1,0
151.2,0
151.3,0
151.4,0
151.5,0
151.6,0
151.7,0
151.8,0
151.9,0
152.0,0
152.1,0
152.2,0
152.3,0
152.4,0
152.5,0
152.6,0
152.7,0
152.8,0
152.9,0
153.0,0
153.1,0
153.2,0
153.3,0
153.4,0
153.5,0
153.6,0
153.7,0
153.8,0
153.9,0
154.0,0
154.1,0
154.2,0
154.3,0
154.4,0
154.5,0
154.6,0
154.7,0
154.8,0
154.9,0
155.0,0
155.1,0
155.2,0
155.3,0
155.4,0
155.5,0
155.6,0
155.7,0
155.8,0
155.9,0
156.0,0
156.1,0
156.2,0
156.3,0
156.4,0
156.5,0
156.6,0
156.7,0
156.8,0
156.9,0
157.0,0
157.1,627
157.2,0
157.3,317
157.4,0
157.5,0
157.6,0
157.7,0
157.8,0
157.9,0
158.0,0
158.1,0
158.2,0
158.3,0
158.4,0
158.5,0
158.6,0
158.7,0
158.8,0
158.9,0
159.0,0
159.1,0
159.2,0
159.3,0
159.4,0
159.5,0
159.6,0
159.7,0
159.8,0
159.9,0
160.0,0
160.1,528
160.2,0
160.3,446
160.4,0
160.5,10863
160.6,4127
160.7,0
160.8,0
160.9,0
161.0,0
161.1,0
161.2,0
161.3,0
161.4,0
161.5,0
161.6,0
161.7,0
161.8,0
161.9,0
162.0,0
162.1,0
162.2,0
162.3,0
162.4,0
162.5,0
162.6,0
162.7,0
162.8,0
162.9,0
163.0,0
163.1,0
163.2,0
163.3,0
163.4,0
163.5,0
163.6,13499
163.7,3291
163.8,154
163.9,0
164.0,0
164.1,449
164.2,0
164.3,0
164.4,0
164.5,0
164.6,0
164.7,0
164.8,0
164.9,0
165.0,0
165.1,0
165.2,0
165.3,0
165.4,0
165.5,537
165.6,0
165.7,0
165.8,0
165.9,0
166.0,0
166.1,0
166.2,0
166.3,0
166.4,0
166.5,0
166.6,0
166.7,0
166.8,0
166.9,0
167.0,0
167.1,0
167.2,0
167.3,0
167.4,0
167.5,0
167.6,0
167.7,0
167.8,0
167.9,0
168.0,0
168.1,0
168.2,0
168.3,0
168.4,0
168.5,0
168.6,0
168.7,0
168.8,0
168.9,0
169.0,0
169.1,0
169.2,0
169.3,0
169.4,0
169.5,0
169.6,0
169.7,0
169.8,0
169.9,0
170.0,0
170.1,0
170.2,0
170.3,0
170.4,0
170.5,0
170.6,0
170.7,0
170.8,0
170.9,0
171.0,0
171.1,0
171.2,0
171.3,0
171.4,0
171.5,0
171.6,0
171.7,0
171.8,0
171.9,0
172.0,0
172.1,0
172.2,0
172.3,0
172.4,0
172.5,0
172.6,0
172.7,0
172.8,0
172.9,0
173.0,0
173.1,204
173.2,1251
173.3,0
173.4,0
173.5,0
173.6,0
173.7,0
173.8,0
173.9,0
174.0,0
174.1,0
174.2,0
174.3,0
174.4,0
174.5,0
174.6,0
174.7,0
174.8,0
174.9,0
175.0,0
175.1,0
175.2,0
175.3,0
175.4,0
175.5,0
175.6,0
175.7,0
175.8,0
175.9,0
176.0,0
176.1,0
176.2,0
176.3,0
176.4,0
176.5,0
176.6,0
176.7,0
176.8,0
176.9,0
177.0,0
177.1,0
177.2,0
177.3,0
177.4,0
177.5,0
177.6,0
177.7,0
177.8,0
177.9,0
178.0,0
178.1,0
178.2,0
178.3,0
178.4,0
178.5,0
178.6,0
178.7,0
178.8,0
178.9,0
179.0,0
179.1,0
179.2,0
179.3,0
179.4,0
179.5,0
179.6,0
179.7,0
179.8,0
179.9,0
180.0,0
180.1,0
180.2,0
180.3,0
180.4,0
180.5,0
180.6,0
180.7,0
180.8,0
180.9,0
181.0,0
181.1,0
181.2,0
181.3,0
181.4,0
181.5,0
181.6,0
181.7,0
181.8,0
181.9,0
182.0,0
182.1,0
182.2,0
182.3,0
182.4,0
182.5,0
182.6,0
182.7,0
182.8,0
182.9,0
183.0,0
183.1,0
183.2,0
183.3,0
183.4,0
183.5,7674
183.6,154
183.7,0
183.8,0
183.9,0
184.0,0
184.1,0
184.2,0
184.3,0
184.4,0
184.5,0
184.6,0
184.7,0
184.8,0
184.9,0
185.0,449
185.1,0
185.2,0
185.3,0
185.4,0
185.5,729
185.6,0
185.7,0
185.8,1247
185.9,0
186.0,0
186.1,0
186.2,0
186.3,0
186.4,0
186.5,0
186.6,0
186.7,0
186.8,0
186.9,0
187.0,0
187.1,0
187.2,0
187.3,0
187.4,0
187.5,0
187.6,0
187.7,0
187.8,0
187.9,0
188.0,0
188.1,0
188.2,0
188.3,0
188.4,0
188.5,0
188.6,0
188.7,0
188.8,295
188.9,154
189.0,449
189.1,0
189.2,0
189.3,0
189.4,0
189.5,0
189.6,0
189.7,0
189.8,0
189.9,0
190.0,0
190.1,0
190.2,0
190.3,0
190.4,0
190.5,0
190.6,1133
190.7,0
190.8,0
190.9,0
191.0,0
191.1,0
191.2,0
191.3,0
191.4,0
191.5,0
191.6,0
191.7,0
191.8,0
191.9,0
192.0,0
192.1,0
192.2,0
192.3,0
192.4,0
192.5,0
192.6,0
192.7,0
192.8,0
192.9,0
193.0,0
193.1,0
193.2,0
193.3,0
193.4,0
193.5,0
193.6,0
193.7,4993
193.8,154
193.9,0
194.0,0
194.1,0
194.2,0
194.3,0
194.4,0
194.5,0
194.6,0
194.7,0
194.8,0
194.9,0
195.0,0
195.1,0
195.2,0
195.3,0
195.4,0
195.5,0
195.6,317
195.7,0
195.8,0
195.9,0
196.0,0
196.1,0
196.2,0
196.3,0
196.4,0
196.5,0
196.6,0
196.7,0
196.8,0
196.9,0
0.0,27578
0.1,4095
0.2,0
0.3,6871
0.4,6464
0.5,67562
0.6,16758
0.7,47103
0.8,2656
0.9,7004
1.0,40773
1.1,230103
1.2,227762
1.3,216333
1.4,280976
1.5,268411
1.6,227015
1.7,4481
1.8,45631
1.9,283593
2.0,301069
2.1,355513
2.2,195858
2.3,81755
2.4,11402
2.5,313645
2.6,360340
2.7,365364
2.8,123404
2.9,22018
3.0,3907
3.1,9858
3.2,194361
3.3,66705
3.4,401434
3.5,294610
3.6,327789
3.7,333512
3.8,6921
3.9,269168
4.0,368052
4.1,314273
4.2,328420
4.3,234194
4.4,282374
4.5,276686
4.6,379118
4.7,387940
4.8,349799
4.9,48140
5.0,393512
5.1,326336
5.2,332787
5.3,374338
5.4,55150
5.5,174112
5.6,290687
5.7,348456
5.8,368617
5.9,375157
6.0,14591
6.1,310640
6.2,365137
6.3,173043
6.4,307595
6.5,318336
6.6,201106
6.7,215521
6.8,282640
6.9,342116
7.0,274823
7.1,379950
7.2,392668
7.3,328468
7.4,314202
7.5,351496
7.6,371421
7.7,381396
7.8,369452
7.9,385529
8.0,189713
8.1,273634
8.2,286204
8.3,268729
8.4,139681
8.5,198520
8.6,167042
8.7,158942
8.8,23666
8.9,218331
9.0,202223
9.1,237435
9.2,278231
9.3,309113
9.4,119822
9.5,195862
9.6,154
9.7,226692
9.8,25984
9.9,0
10.0,0
10.1,0
10.2,41687
10.3,247869
10.4,238680
10.5,239043
10.6,212014
10.7,287434
10.8,274721
10.9,249658
11.0,294185
11.1,294481
11.2,255538
11.3,232488
11.4,225601
11.5,187866
11.6,222314
11.7,304906
11.8,243001
11.9,239145
12.0,191181
12.1,204150
12.2,188691
12.3,113814
12.4,254048
12.5,149385
12.6,235058
12.7,206549
12.8,214334
12.9,207891
13.0,153235
13.1,206811
13.2,335577
13.3,289048
13.4,210978
13.5,152485
13.6,246309
13.7,159875
13.8,204944
13.9,201108
14.0,201872
14.1,243379
14.2,276988
14.3,250415
14.4,110838
14.5,246126
14.6,241076
14.7,234521
14.8,285294
14.9,200872
15.0,125132
15.1,0
15.2,21202
15.3,241018
15.4,131372
15.5,191383
15.6,258784
15.7,219929
15.8,191604
15.9,243084
16.0,245409
16.1,276273
16.2,282923
16.3,294462
16.4,124989
16.5,0
16.6,0
16.7,0
16.8,0
16.9,0
17.0,0
17.1,0
17.2,0
17.3,0
17.4,0
17.5,0
17.6,85004
17.7,302787
17.8,270139
17.9,283595
18.0,77135
18.1,0
18.2,0
18.3,0
18.4,0
18.5,7172
18.6,154
18.7,0
18.8,0
18.9,0
19.0,0
19.1,0
19.2,0
19.3,0
19.4,0
19.5,0
19.6,0
19.7,0
19.8,0
19.9,0
20.0,11697
20.1,204574
20.2,307525
20.3,290981
20.4,251726
20.5,279068
20.6,288496
20.7,311798
20.8,16692
20.9,0
21.0,0
21.1,0
21.2,0
21.3,0
21.4,0
21.5,0
21.6,0
21.7,0
21.8,0
21.9,131663
22.0,186690
22.1,248205
22.2,267430
22.3,270124
22.4,257801
22.5,203222
22.6,0
22.7,0
22.8,0
22.9,0
23.0,0
23.1,612
23.2,0
23.3,2287
23.4,243186
23.5,238911
23.6,210333
23.7,156090
23.8,177839
23.9,265912
24.0,93707
24.1,0
24.2,0
24.3,0
24.4,0
24.5,0
24.6,0
24.7,0
24.8,0
24.9,0
25.0,0
25.1,0
25.2,0
25.3,0
25.4,0
25.5,0
25.6,0
25.7,0
25.8,0
25.9,0
26.0,0
26.1,125457
26.2,171671
26.3,227332
26.4,239262
26.5,170149
26.6,233375
26.7,198495
26.8,110173
26.9,0
27.0,0
27.1,23601
27.2,188830
27.3,202432
27.4,225594
27.5,153982
27.6,201618
27.7,239299
27.8,179365
27.9,0
28.0,0
28.1,0
28.2,0
28.3,0
28.4,789
28.5,3548
28.6,763
28.7,0
28.8,0
28.9,0
29.0,0
29.1,0
29.2,0
29.3,0
29.4,0
29.5,0
29.6,0
29.7,0
29.8,0
29.9,0
30.0,0
30.1,150273
30.2,312491
30.3,352298
30.4,258911
30.5,286930
30.6,0
30.7,0
30.8,0
30.9,0
31.0,0
31.1,11627
31.2,213633
31.3,289640
31.4,260480
31.5,295623
31.6,283210
31.7,74027
31.8,0
31.9,0
32.0,0
32.1,0
32.2,0
32.3,0
32.4,0
32.5,0
32.6,0
32.7,0
32.8,499
32.9,0
33.0,0
33.1,0
33.2,0
33.3,0
33.4,0
33.5,0
33.6,425
33.7,0
33.8,0
33.9,0
34.0,0
34.1,0
34.2,0
34.3,0
34.4,0
34.5,0
34.6,1890
34.7,183727
34.8,249753
34.9,220942
35.0,258080
35.1,192510
35.2,221400
35.3,245159
35.4,89215
35.5,247047
35.6,252296
35.7,258808
35.8,245503
35.9,226958
36.0,199143
36.1,224819
36.2,24518
36.3,0
36.4,0
36.5,0
36.6,0
36.7,0
36.8,0
36.9,0
37.0,0
37.1,0
37.2,0
37.3,0
37.4,0
37.5,0
37.6,0
37.7,0
37.8,1706
37.9,194355
38.0,241072
38.1,272179
38.2,256492
38.3,287626
38.4,267920
38.5,82576
38.6,0
38.7,0
38.8,0
38.9,0
39.0,0
39.1,0
39.2,10631
39.3,282966
39.4,128741
39.5,257207
39.6,183985
39.7,127019
39.8,82813
39.9,105423
40.0,106943
40.1,153590
40.2,149465
40.3,157073
40.4,160993
40.5,174984
40.6,66460
40.7,462
40.8,0
40.9,0
41.0,0
41.1,0
41.2,0
41.3,0
41.4,0
41.5,0
41.6,26759
41.7,148255
41.8,132077
41.9,145920
42.0,152762
42.1,131119
42.2,127360
42.3,129194
42.4,96097
42.5,178259
42.6,160072
42.7,110167
42.8,28023
42.9,0
43.0,0
43.1,0
43.2,0
43.3,0
43.4,0
43.5,0
43.6,0
43.7,0
43.8,1706
43.9,93026
44.0,164246
44.1,157769
44.2,183777
44.3,217497
44.4,174170
44.5,165834
44.6,141845
44.7,58938
44.8,147539
44.9,154515
45.0,0
45.1,0
45.2,128612
45.3,199755
45.4,185826
45.5,161085
45.6,268261
45.7,197145
45.8,253170
45.9,7950
46.0,0
46.1,0
46.2,0
46.3,940
46.4,0
46.5,1131
46.6,0
46.7,1674
46.8,0
46.9,0
47.0,0
47.1,0
47.2,0
47.3,0
47.4,0
47.5,13462
47.6,5166
47.7,154
47.8,0
47.9,0
48.0,295
48.1,815
48.2,0
48.3,0
48.4,0
48.5,0
48.6,0
48.7,98690
48.8,133395
48.9,136268
49.0,203590
49.1,133471
49.2,260621
49.3,198358
49.4,167813
49.5,148336
49.6,171990
49.7,163088
49.8,121876
49.9,159046
50.0,0
50.1,0
50.2,121478
50.3,185028
50.4,227085
50.5,157567
50.6,161037
50.7,182135
50.8,181782
50.9,224480
51.0,229375
51.1,99202
51.2,41240
51.3,0
51.4,0
51.5,0
51.6,0
51.7,0
51.8,3551
51.9,120972
52.0,193616
52.1,214853
52.2,125662
52.3,105713
52.4,162540
52.5,234704
52.6,170260
52.7,179791
52.8,133632
52.9,145990
53.0,136245
53.1,52967
53.2,0
53.3,0
53.4,0
53.5,0
53.6,0
53.7,0
53.8,0
53.9,0
54.0,0
54.1,40462
54.2,103412
54.3,153018
54.4,98412
54.5,123155
54.6,146824
54.7,150118
54.8,182549
54.9,160224
55.0,184511
55.1,147386
55.2,183045
55.3,8280
55.4,79003
55.5,159801
55.6,189724
55.7,181953
55.8,161505
55.9,188001
56.0,158546
56.1,214512
56.2,168818
56.3,161134
56.4,0
56.5,0
56.6,0
56.7,0
56.8,0
56.9,0
57.0,0
57.1,0
57.2,0
57.3,1171
57.4,0
57.5,0
57.6,0
57.7,0
57.8,0
57.9,0
58.0,0
58.1,0
58.2,0
58.3,0
58.4,0
58.5,121325
58.6,171265
58.7,155670
58.8,176130
58.9,196424
59.0,187832
59.1,164856
59.2,175956
59.3,186390
59.4,7250
59.5,26181
59.6,192640
59.7,201329
59.8,188567
59.9,251751
60.0,267420
60.1,248058
60.2,296227
60.3,199615
60.4,0
60.5,0
60.6,0
60.7,0
60.8,0
60.9,0
61.0,0
61.1,0
61.2,0
61.3,0
61.4,0
61.5,0
61.6,72400
61.7,231830
61.8,311023
61.9,270657
62.0,282242
62.1,282361
62.2,107303
62.3,1187
62.4,0
62.5,0
62.6,0
62.7,0
62.8,0
62.9,0
63.0,0
63.1,0
63.2,0
63.3,0
63.4,0
63.5,0
63.6,0
63.7,0
63.8,0
63.9,136647
64.0,214258
64.1,186038
64.2,139292
64.3,137444
64.4,136285
64.5,145884
64.6,180636
64.7,130634
64.8,131873
64.9,147208
65.0,123039
65.1,136477
65.2,113939
65.3,82933
65.4,116848
65.5,167871
65.6,150353
65.7,100477
65.8,117069
65.9,125522
66.0,84191
66.1,101407
66.2,122017
66.3,149004
66.4,115499
66.5,171761
66.6,166829
66.7,2520
66.8,0
66.9,0
67.0,0
67.1,0
67.2,0
67.3,0
67.4,0
67.5,0
67.6,0
67.7,0
67.8,0
67.9,0
68.0,0
68.1,0
68.2,0
68.3,0
68.4,89955
68.5,94296
68.6,143968
68.7,160263
68.8,218581
68.9,177432
69.0,180493
69.1,169714
69.2,136270
69.3,224447
69.4,185874
69.5,246487
69.6,67369
69.7,0
69.8,0
69.9,0
70.0,0
70.1,0
70.2,0
70.3,0
70.4,0
70.5,45
70.6,4391
70.7,85583
70.8,139620
70.9,212757
71.0,256270
71.1,149049
71.2,93150
71.3,157655
71.4,157367
71.5,101620
71.6,129763
71.7,151072
71.8,155327
71.9,154994
72.0,110986
72.1,0
72.2,0
72.3,0
72.4,0
72.5,0
72.6,0
72.7,0
72.8,0
72.9,0
73.0,0
73.1,0
73.2,66573
73.3,87346
73.4,139666
73.5,194539
73.6,184732
73.7,224127
73.8,88964
73.9,184935
74.0,202852
74.1,188858
74.2,167935
74.3,0
74.4,0
74.5,0
74.6,0
74.7,495
74.8,0
74.9,0
75.0,0
75.1,0
75.2,0
75.3,0
75.4,331
75.5,0
75.6,39135
75.7,133732
75.8,135161
75.9,198171
76.0,175318
76.1,96061
76.2,151669
76.3,124612
76.4,156486
76.5,126950
76.6,199448
76.7,30746
76.8,0
76.9,1710
77.0,421
77.1,0
77.2,0
77.3,0
77.4,0
77.5,0
77.6,0
77.7,0
77.8,0
77.9,18326
78.0,128996
78.1,71533
78.2,89983
78.3,57738
78.4,96140
78.5,88372
78.6,30091
78.7,68004
78.8,97305
78.9,73843
79.0,104423
79.1,90994
79.2,100086
79.3,94188
79.4,57266
79.5,81051
79.6,117111
79.7,120970
79.8,104453
79.9,60167
80.0,99818
80.1,36608
80.2,89499
80.3,73681
80.4,39702
80.5,0
80.6,29572
80.7,29881
80.8,92014
80.9,127739
81.0,77664
81.1,98324
81.2,81961
81.3,70296
81.4,116128
81.5,88117
81.6,74969
81.7,70927
81.8,57237
81.9,55431
82.0,140325
82.1,79624
82.2,121904
82.3,113807
82.4,67559
82.5,79761
82.6,89430
82.7,114674
82.8,134882
82.9,158535
83.0,136634
83.1,128371
83.2,60066
83.3,168625
83.4,81014
83.5,70288
83.6,77330
83.7,160639
83.8,56758
83.9,119039
84.0,156389
84.1,153499
84.2,222614
84.3,102652
84.4,124526
84.5,185208
84.6,158831
84.7,97561
84.8,85271
84.9,43490
85.0,157011
85.1,126609
85.2,197206
85.3,136068
85.4,130832
85.5,141951
85.6,120174
85.7,97072
85.8,78852
85.9,221311
86.0,130177
86.1,116141
86.2,2206
86.3,0
86.4,0
86.5,0
86.6,0
86.7,0
86.8,0
86.9,0
87.0,0
87.1,0
87.2,0
87.3,1747
87.4,69426
87.5,134734
87.6,156371
87.7,82802
87.8,102711
87.9,62551
88.0,60991
88.1,91222
88.2,116418
88.3,133411
88.4,123061
88.5,109265
88.6,148522
88.7,116314
88.8,84096
88.9,149917
89.0,117933
89.1,120210
89.2,130793
89.3,81749
89.4,102902
89.5,92477
89.6,130487
89.7,141522
89.8,149200
89.9,86978
90.0,115849
90.1,101985
90.2,154166
90.3,107236
90.4,76818
90.5,120875
90.6,96797
90.7,138788
90.8,130216
90.9,109297
91.0,353
91.1,0
91.2,59950
91.3,95698
91.4,128575
91.5,166665
91.6,130932
91.7,155363
91.8,166441
91.9,144439
92.0,207244
92.1,166157
92.2,143520
92.3,295
92.4,6325
92.5,137672
92.6,150812
92.7,170559
92.8,137608
92.9,189832
93.0,180852
93.1,231129
93.2,197715
93.3,111361
93.4,0
93.5,0
93.6,0
93.7,0
93.8,0
93.9,0
94.0,0
94.1,0
94.2,0
94.3,0
94.4,0
94.5,0
94.6,36610
94.7,142337
94.8,172838
94.9,172718
95.0,71992
95.1,146736
95.2,127562
95.3,162411
95.4,119250
95.5,123550
95.6,93088
95.7,119956
95.8,0
95.9,0
96.0,0
96.1,0
96.2,0
96.3,69027
96.4,157321
96.5,184196
96.6,206043
96.7,190564
96.8,205793
96.9,162670
97.0,135620
97.1,173072
97.2,216211
97.3,135274
97.4,0
97.5,0
97.6,0
97.7,0
97.8,0
97.9,0
98.0,0
98.1,0
98.2,0
98.3,0
98.4,0
98.5,0
98.6,0
98.7,0
98.8,0
98.9,0
99.0,0
99.1,0
99.2,0
99.3,1706
99.4,109806
99.5,152704
99.6,102555
99.7,97532
99.8,186635
99.9,128230
100.0,137338
100.1,181994
100.2,137940
100.3,179006
100.4,218579
100.5,221432
100.6,215679
100.7,163452
100.8,198606
100.9,188183
101.0,213054
101.1,157220
101.2,264445
101.3,162717
101.4,37450
101.5,0
101.6,0
101.7,0
101.8,0
101.9,0
102.0,0
102.1,0
102.2,0
102.3,0
102.4,0
102.5,0
102.6,21234
102.7,170715
102.8,259821
102.9,202583
103.0,170456
103.1,194009
103.2,179943
103.3,181756
103.4,116217
103.5,120272
103.6,160581
103.7,129835
103.8,2535
103.9,0
104.0,80107
104.1,178515
104.2,119366
104.3,186936
104.4,186715
104.5,192360
104.6,171302
104.7,198505
104.8,196959
104.9,2124
105.0,0
105.1,0
105.2,0
105.3,0
105.4,0
105.5,0
105.6,0
105.7,0
105.8,0
105.9,0
106.0,0
106.1,0
106.2,0
106.3,0
106.4,1688
106.5,120588
106.6,162422
106.7,131482
106.8,144692
106.9,113802
107.0,109510
107.1,117078
107.2,68566
107.3,113178
107.4,165929
107.5,181704
107.6,158920
107.7,128070
107.8,153010
107.9,117340
108.0,116664
108.1,109679
108.2,106347
108.3,113163
108.4,77058
108.5,89562
108.6,159630
108.7,58493
108.8,0
108.9,0
109.0,0
109.1,0
109.2,0
109.3,0
109.4,0
109.5,0
109.6,29416
109.7,123231
109.8,124961
109.9,143575
110.0,137970
110.1,129190
110.2,93535
110.3,89199
110.4,143312
110.5,126570
110.6,156368
110.7,94915
110.8,118099
110.9,98400
111.0,0
111.1,0
111.2,0
111.3,0
111.4,0
111.5,0
111.6,0
111.7,0
111.8,0
111.9,83616
112.0,158606
112.1,141547
112.2,62873
112.3,158281
112.4,195188
112.5,201130
112.6,246547
112.7,190222
112.8,157474
112.9,111660
113.0,0
113.1,0
113.2,0
113.3,0
113.4,0
113.5,0
113.6,0
113.7,0
113.8,0
113.9,0
114.0,0
114.1,0
114.2,0
114.3,0
114.4,92021
114.5,131774
114.6,152751
114.7,165533
114.8,172630
114.9,162187
115.0,199410
115.1,276600
115.2,92860
115.3,0
115.4,0
115.5,0
115.6,0
115.7,0
115.8,0
115.9,0
116.0,0
116.1,0
116.2,0
116.3,0
116.4,0
116.5,0
116.6,7868
116.7,93899
116.8,184739
116.9,180949
117.0,194249
117.1,207497
117.2,206985
117.3,142255
117.4,222480
117.5,162673
117.6,230884
117.7,197369
117.8,257989
117.9,176170
118.0,74187
118.1,256694
118.2,252887
118.3,238137
118.4,164801
118.5,64143
118.6,0
118.7,0
118.8,0
118.9,0
119.0,0
119.1,0
119.2,0
119.3,0
119.4,0
119.5,0
119.6,0
119.7,0
119.8,1685
119.9,208930
120.0,15647
120.1,0
120.2,0
120.3,213227
120.4,158174
120.5,244006
120.6,197377
120.7,282997
120.8,171490
120.9,213818
121.0,12416
121.1,0
121.2,0
121.3,0
121.4,0
121.5,0
121.6,0
121.7,0
121.8,0
121.9,0
122.0,0
122.1,0
122.2,0
122.3,0
122.4,187880
122.5,316565
122.6,304197
122.7,299718
122.8,204794
122.9,178432
123.0,0
123.1,0
123.2,0
123.3,0
123.4,0
123.5,0
123.6,182613
123.7,209760
123.8,223951
123.9,176529
124.0,248348
124.1,273612
124.2,210249
124.3,0
124.4,0
124.5,0
124.6,0
124.7,0
124.8,0
124.9,0
125.0,0
125.1,0
125.2,0
125.3,0
125.4,0
125.5,0
125.6,0
125.7,0
125.8,0
125.9,111987
126.0,165049
126.1,148610
126.2,218107
126.3,231554
126.4,178362
126.5,135102
126.6,187099
126.7,111175
126.8,168872
126.9,68778
127.0,0
127.1,0
127.2,0
127.3,0
127.4,0
127.5,4570
127.6,308
127.7,0
127.8,0
127.9,0
128.0,0
128.1,48204
128.2,109619
128.3,118278
128.4,136256
128.5,113086
128.6,117108
128.7,134346
128.8,112725
128.9,136502
129.0,152246
129.1,196902
129.2,83143
129.3,0
129.4,39248
129.5,138074
129.6,0
129.7,0
129.8,0
129.9,0
130.0,0
130.1,0
130.2,5216
130.3,202765
130.4,251546
130.5,247777
130.6,162893
130.7,247599
130.8,174454
130.9,184807
131.0,39472
131.1,0
131.2,0
131.3,0
131.4,0
131.5,0
131.6,0
131.7,0
131.8,0
131.9,0
132.0,0
132.1,0
132.2,0
132.3,0
132.4,0
132.5,0
132.6,0
132.7,0
132.8,0
132.9,0
133.0,0
133.1,0
133.2,0
133.3,3293
133.4,147219
133.5,225667
133.6,293739
133.7,198883
133.8,274815
133.9,186634
134.0,72084
134.1,0
134.2,0
134.3,0
134.4,0
134.5,0
134.6,0
134.7,0
134.8,0
134.9,0
135.0,0
135.1,0
135.2,0
135.3,0
135.4,0
135.5,0
135.6,0
135.7,0
135.8,0
135.9,0
136.0,0
136.1,0
136.2,0
136.3,0
136.4,0
136.5,449
136.6,295
136.7,154
136.8,0
136.9,0
137.0,5403
137.1,15464
137.2,9963
137.3,155479
137.4,296558
137.5,60624
137.6,513
137.7,0
137.8,0
137.9,0
138.0,0
138.1,0
138.2,295
138.3,154
138.4,0
138.5,0
138.6,1445
138.7,468
138.8,0
138.9,0
139.0,0
139.1,0
139.2,0
139.3,0
139.4,0
139.5,0
139.6,0
139.7,1342
139.8,0
139.9,0
140.0,0
140.1,627
140.2,0
140.3,91
140.4,0
140.5,0
140.6,0
140.7,2669
140.8,2085
140.9,0
141.0,0
141.1,0
141.2,0
141.3,0
141.4,0
141.5,401
141.6,0
141.7,0
141.8,0
141.9,0
142.0,0
142.1,0
142.2,0
142.3,0
142.4,0
142.5,0
142.6,0
142.7,0
142.8,0
142.9,0
143.0,0
143.1,0
143.2,0
143.3,0
143.4,0
143.5,0
143.6,0
143.7,0
143.8,0
143.9,0
144.0,0
144.1,0
144.2,0
144.3,0
144.4,0
144.5,0
144.6,0
144.7,0
144.8,0
144.9,0
145.0,0
145.1,0
145.2,0
145.3,0
145.4,0
145.5,0
145.6,0
145.7,0
145.8,0
145.9,0
146.0,0
146.1,4065
146.2,1485
146.3,0
146.4,0
146.5,0
146.6,0
146.7,0
146.8,0
146.9,0
147.0,0
147.1,0
147.2,0
147.3,0
147.4,0
147.5,0
147.6,0
147.7,462
147.8,415
147.9,0
148.0,2809
148.1,8177
148.2,624
148.3,0
148.4,0
148.5,0
148.6,0
148.7,0
148.8,0
148.9,0
149.0,0
149.1,0
149.2,0
149.3,0
149.4,0
149.5,0
149.6,0
149.7,0
149.8,0
149.9,0
150.0,0
150.1,0
150.2,0
150.3,0
150.4,0
150.5,0
150.6,0
150.7,0
150.8,0
150.9,0
151.0,0
151.1,0
151.2,0
151.3,0
151.4,0
151.5,0
151.6,0
151.7,0
151.8,0
151.9,0
152.0,0
152.1,0
152.2,612
152.3,0
152.4,446
152.5,0
152.6,0
152.7,0
152.8,0
152.9,0
153.0,0
153.1,0
153.2,0
153.3,0
153.4,0
153.5,0
153.6,0
153.7,0
153.8,0
153.9,0
154.0,0
154.1,0
154.2,0
154.3,0
154.4,0
154.5,0
154.6,0
154.7,0
154.8,0
154.9,0
155.0,0
155.1,0
155.2,0
155.3,0
155.4,0
155.5,0
155.6,0
155.7,0
155.8,0
155.9,0
156.0,0
156.1,0
156.2,0
156.3,0
156.4,0
156.5,0
156.6,0
156.7,0
156.8,0
156.9,0
157.0,0
157.1,0
157.2,0
157.3,0
157.4,0
157.5,0
157.6,0
157.7,0
157.8,0
157.9,0
158.0,0
158.1,0
158.2,0
158.3,0
158.4,0
158.5,0
158.6,0
158.7,0
158.8,0
158.9,0
159.0,0
159.1,0
159.2,0
159.3,0
159.4,0
159.5,0
159.6,0
159.7,0
159.8,0
159.9,0
160.0,0
160.1,0
160.2,0
160.3,0
160.4,0
160.5,0
160.6,5062
160.7,7060
160.8,804
160.9,0
161.0,0
161.1,0
161.2,0
161.3,0
161.4,0
161.5,0
161.6,0
161.7,0
161.8,0
161.9,0
162.0,0
162.1,0
162.2,0
162.3,0
162.4,0
162.5,0
162.6,0
162.7,0
162.8,0
162.9,0
163.0,0
163.1,0
163.2,0
163.3,0
163.4,0
163.5,0
163.6,0
163.7,0
163.8,0
163.9,0
164.0,0
164.1,0
164.2,0
164.3,0
164.4,0
164.5,0
164.6,0
164.7,0
164.8,0
164.9,0
165.0,0
165.1,0
165.2,0
165.3,0
165.4,0
165.5,0
165.6,0
165.7,0
165.8,0
165.9,0
166.0,0
166.1,0
166.2,0
166.3,0
166.4,0
166.5,0
166.6,0
166.7,0
166.8,0
166.9,0
167.0,0
167.1,0
167.2,0
167.3,0
167.4,0
167.5,4781
167.6,519
167.7,0
167.8,0
167.9,0
168.0,0
168.1,0
168.2,0
168.3,0
168.4,0
168.5,0
168.6,0
168.7,0
168.8,0
168.9,0
169.0,0
169.1,0
169.2,0
169.3,0
169.4,0
169.5,0
169.6,0
169.7,0
169.8,0
169.9,0
170.0,0
170.1,0
170.2,0
170.3,0
170.4,0
170.5,0
170.6,0
170.7,0
170.8,0
170.9,0
171.0,0
171.1,0
171.2,0
171.3,0
171.4,0
171.5,0
171.6,0
171.7,0
171.8,0
171.9,0
172.0,0
172.1,0
172.2,0
172.3,0
172.4,0
172.5,401
172.6,0
172.7,0
172.8,0
172.9,0
173.0,0
173.1,0
173.2,0
173.3,0
173.4,0
173.5,0
173.6,0
173.7,0
173.8,0
173.9,0
174.0,0
174.1,0
174.2,0
174.3,0
174.4,0
174.5,0
174.6,0
174.7,0
174.8,0
174.9,0
175.0,0
175.1,0
175.2,0
175.3,0
175.4,0
175.5,0
175.6,0
175.7,0
175.8,0
175.9,0
176.0,0
176.1,0
176.2,0
176.3,0
176.4,0
176.5,0
176.6,0
176.7,0
176.8,0
176.9,0
177.0,0
177.1,0
177.2,0
177.3,0
177.4,0
177.5,0
177.6,415
177.7,0
177.8,0
177.9,0
178.0,0
178.1,0
178.2,0
178.3,0
178.4,0
178.5,0
178.6,0
178.7,0
178.8,0
178.9,0
179.0,0
179.1,0
179.2,0
179.3,0
179.4,0
179.5,0
179.6,0
179.7,0
179.8,0
179.9,0
180.0,0
180.1,0
180.2,0
180.3,0
180.4,0
180.5,0
180.6,0
180.7,0
180.8,0
180.9,0
181.0,0
181.1,0
181.2,0
181.3,0
181.4,0
181.5,26484
181.6,5110
181.7,0
181.8,8125
181.9,2405
0.0,40041
0.1,21568
0.2,71691
0.3,20936
0.4,2412
0.5,28008
0.6,139232
0.7,133330
0.8,110349
0.9,101825
1.0,179568
1.1,114210
1.2,184005
1.3,116240
1.4,6107
1.5,99352
1.6,134912
1.7,260474
1.8,301951
1.9,135445
2.0,6871
2.1,308
2.2,155189
2.3,121457
2.4,147428
2.5,246408
2.6,179124
2.7,139392
2.8,133509
2.9,46420
3.0,129642
3.1,195627
3.2,77281
3.3,54013
3.4,276220
3.5,305207
3.6,300820
3.7,210204
3.8,224870
3.9,159805
4.0,251685
4.1,292330
4.2,230951
4.3,240667
4.4,283160
4.5,294893
4.6,257201
4.7,141773
4.8,312541
4.9,229751
5.0,252094
5.1,209359
5.2,222729
5.3,289182
5.4,231360
5.5,221676
5.6,14245
5.7,218933
5.8,239651
5.9,198628
6.0,48709
6.1,208099
6.2,239995
6.3,156919
6.4,175675
6.5,135572
6.6,161731
6.7,241279
6.8,76861
6.9,184043
7.0,108047
7.1,231248
7.2,178376
7.3,173548
7.4,182103
7.5,201832
7.6,193301
7.7,104044
7.8,176432
7.9,146477
8.0,216720
8.1,207074
8.2,245270
8.3,192250
8.4,225926
8.5,154239
8.6,236348
8.7,297027
8.8,179172
8.9,221942
9.0,225693
9.1,188100
9.2,239001
9.3,256645
9.4,248920
9.5,257933
9.6,240836
9.7,168953
9.8,120563
9.9,181692
10.0,119847
10.1,139855
10.2,102750
10.3,2177
10.4,55257
10.5,150052
10.6,161045
10.7,218947
10.8,281140
10.9,193774
11.0,193457
11.1,200530
11.2,189981
11.3,201357
11.4,248462
11.5,199239
11.6,204706
11.7,227157
11.8,132318
11.9,232584
12.0,209227
12.1,23001
12.2,0
12.3,0
12.4,0
12.5,0
12.6,0
12.7,0
12.8,0
12.9,0
13.0,0
13.1,0
13.2,0
13.3,55860
13.4,205865
13.5,152739
13.6,97155
13.7,96567
13.8,126236
13.9,108534
14.0,129069
14.1,106709
14.2,92870
14.3,159917
14.4,196576
14.5,143420
14.6,159620
14.7,213215
14.8,241444
14.9,141683
15.0,216283
15.1,242290
15.2,216427
15.3,213023
15.4,139246
15.5,197422
15.6,212799
15.7,219042
15.8,178386
15.9,199808
16.0,193410
16.1,316
16.2,0
16.3,0
16.4,111288
16.5,134393
16.6,226797
16.7,237566
16.8,188697
16.9,160095
17.0,214878
17.1,200263
17.2,33052
17.3,154
17.4,0
17.5,0
17.6,51822
17.7,273141
17.8,221369
17.9,223823
18.0,245755
18.1,215802
18.2,181754
18.3,175608
18.4,56103
18.5,0
18.6,15704
18.7,158817
18.8,200556
18.9,186048
19.0,258060
19.1,127095
19.2,246767
19.3,244829
19.4,260602
19.5,45254
19.6,0
19.7,0
19.8,0
19.9,0
20.0,0
20.1,0
20.2,0
20.3,0
20.4,0
20.5,1702
20.6,671
20.7,0
20.8,0
20.9,0
21.0,0
21.1,47386
21.2,236130
21.3,168600
21.4,200095
21.5,244972
21.6,178661
21.7,210075
21.8,158808
21.9,215458
22.0,260899
22.1,240542
22.2,195374
22.3,218095
22.4,215264
22.5,270890
22.6,159353
22.7,225651
22.8,0
22.9,0
23.0,0
23.1,0
23.2,0
23.3,0
23.4,1047
23.5,0
23.6,18345
23.7,217818
23.8,222515
23.9,166885
24.0,278519
24.1,161143
24.2,240045
24.3,187947
24.4,129907
24.5,0
24.6,0
24.7,0
24.8,0
24.9,0
25.0,0
25.1,0
25.2,0
25.3,0
25.4,0
25.5,0
25.6,0
25.7,0
25.8,0
25.9,0
26.0,0
26.1,1689
26.2,182301
26.3,245835
26.4,222910
26.5,204799
26.6,158127
26.7,209839
26.8,217880
26.9,239056
27.0,229740
27.1,9746
27.2,154
27.3,0
27.4,0
27.5,0
27.6,0
27.7,0
27.8,0
27.9,0
28.0,0
28.1,0
28.2,0
28.3,0
28.4,0
28.5,0
28.6,0
28.7,0
28.8,0
28.9,0
29.0,0
29.1,0
29.2,0
29.3,0
29.4,0
29.5,0
29.6,0
29.7,0
29.8,0
29.9,0
30.0,0
30.1,0
30.2,594
30.3,0
30.4,446
30.5,0
30.6,22772
30.7,254318
30.8,264712
30.9,287781
31.0,261210
31.1,278822
31.2,45430
31.3,0
31.4,0
31.5,0
31.6,0
31.7,0
31.8,0
31.9,0
32.0,0
32.1,0
32.2,0
32.3,0
32.4,0
32.5,0
32.6,0
32.7,0
32.8,0
32.9,0
33.0,0
33.1,1689
33.2,251813
33.3,9233
33.4,0
33.5,0
33.6,0
33.7,0
33.8,0
33.9,0
34.0,0
34.1,0
34.2,0
34.3,0
34.4,0
34.5,0
34.6,0
34.7,0
34.8,0
34.9,0
35.0,0
35.1,0
35.2,0
35.3,0
35.4,0
35.5,0
35.6,43071
35.7,221603
35.8,239325
35.9,200792
36.0,275858
36.1,190855
36.2,164201
36.3,153384
36.4,179437
36.5,25007
36.6,0
36.7,0
36.8,0
36.9,0
37.0,0
37.1,0
37.2,0
37.3,0
37.4,0
37.5,0
37.6,0
37.7,0
37.8,0
37.9,0
38.0,0
38.1,0
38.2,0
38.3,0
38.4,0
38.5,0
38.6,0
38.7,0
38.8,0
38.9,0
39.0,4234
39.1,1163
39.2,0
39.3,0
39.4,0
39.5,0
39.6,0
39.7,0
39.8,0
39.9,0
40.0,6293
40.1,154
40.2,0
40.3,0
40.4,0
40.5,0
40.6,0
40.7,0
40.8,0
40.9,0
41.0,0
41.1,0
41.2,0
41.3,0
41.4,0
41.5,0
41.6,62264
41.7,163567
41.8,182981
41.9,184025
42.0,180328
42.1,193516
42.2,131699
42.3,129459
42.4,188986
42.5,42456
42.6,0
42.7,0
42.8,0
42.9,0
43.0,0
43.1,0
43.2,0
43.3,0
43.4,0
43.5,0
43.6,0
43.7,0
43.8,0
43.9,0
44.0,851
44.1,0
44.2,0
44.3,0
44.4,0
44.5,0
44.6,0
44.7,0
44.8,0
44.9,0
45.0,0
45.1,0
45.2,0
45.3,0
45.4,0
45.5,0
45.6,0
45.7,238
45.8,1540
45.9,449
46.0,793
46.1,1692
46.2,192747
46.3,149386
46.4,135447
46.5,164283
46.6,156769
46.7,159496
46.8,114948
46.9,5811
47.0,0
47.1,0
47.2,0
47.3,0
47.4,0
47.5,0
47.6,0
47.7,0
47.8,0
47.9,0
48.0,908
48.1,0
48.2,0
48.3,0
48.4,0
48.5,0
48.6,0
48.7,0
48.8,0
48.9,0
49.0,0
49.1,0
49.2,0
49.3,0
49.4,0
49.5,0
49.6,0
49.7,0
49.8,0
49.9,0
50.0,0
50.1,0
50.2,0
50.3,0
50.4,0
50.5,0
50.6,0
50.7,0
50.8,0
50.9,0
51.0,0
51.1,0
51.2,0
51.3,1580
51.4,0
51.5,0
51.6,61234
51.7,159535
51.8,170118
51.9,212331
52.0,178631
52.1,120069
52.2,212089
52.3,193315
52.4,195864
52.5,153477
52.6,196037
52.7,58839
52.8,0
52.9,0
53.0,0
53.1,0
53.2,0
53.3,0
53.4,0
53.5,0
53.6,0
53.7,0
53.8,0
53.9,0
54.0,0
54.1,0
54.2,0
54.3,0
54.4,0
54.5,0
54.6,0
54.7,0
54.8,0
54.9,0
55.0,0
55.1,0
55.2,0
55.3,0
55.4,0
55.5,1706
55.6,0
55.7,0
55.8,0
55.9,0
56.0,0
56.1,0
56.2,0
56.3,0
56.4,0
56.5,0
56.6,0
56.7,0
56.8,0
56.9,65940
57.0,87337
57.1,92669
57.2,133697
57.3,118114
57.4,132752
57.5,131248
57.6,112907
57.7,161556
57.8,155118
57.9,160882
58.0,159467
58.1,166708
58.2,184416
58.3,88481
58.4,0
58.5,0
58.6,0
58.7,0
58.8,0
58.9,0
59.0,0
59.1,0
59.2,0
59.3,0
59.4,0
59.5,0
59.6,0
59.7,0
59.8,0
59.9,0
60.0,0
60.1,0
60.2,0
60.3,0
60.4,0
60.5,0
60.6,1635
60.7,162789
60.8,183860
60.9,150637
61.0,161894
61.1,193285
61.2,144465
61.3,161275
61.4,191306
61.5,121171
61.6,0
61.7,0
61.8,0
61.9,0
62.0,0
62.1,0
62.2,0
62.3,0
62.4,0
62.5,0
62.6,0
62.7,0
62.8,0
62.9,0
63.0,0
63.1,0
63.2,0
63.3,0
63.4,0
63.5,0
63.6,0
63.7,0
63.8,0
63.9,0
64.0,0
64.1,0
64.2,0
64.3,0
64.4,0
64.5,0
64.6,86230
64.7,178340
64.8,189570
64.9,179714
65.0,123667
65.1,175369
65.2,181908
65.3,180465
65.4,149985
65.5,20494
65.6,0
65.7,0
65.8,0
65.9,0
66.0,0
66.1,0
66.2,0
66.3,0
66.4,0
66.5,0
66.6,0
66.7,0
66.8,0
66.9,0
67.0,0
67.1,3074
67.2,5998
67.3,154
67.4,0
67.5,0
67.6,0
67.7,0
67.8,0
67.9,0
68.0,0
68.1,0
68.2,0
68.3,0
68.4,0
68.5,0
68.6,0
68.7,0
68.8,0
68.9,0
69.0,0
69.1,0
69.2,0
69.3,0
69.4,0
69.5,0
69.6,317
69.7,0
69.8,159534
69.9,110519
70.0,112812
70.1,152851
70.2,144907
70.3,179222
70.4,123632
70.5,112724
70.6,119858
70.7,125841
70.8,123905
70.9,11758
71.0,0
71.1,0
71.2,0
71.3,0
71.4,0
71.5,0
71.6,0
71.7,0
71.8,0
71.9,0
72.0,0
72.1,0
72.2,0
72.3,0
72.4,0
72.5,0
72.6,0
72.7,0
72.8,0
72.9,0
73.0,0
73.1,0
73.2,0
73.3,0
73.4,0
73.5,0
73.6,19081
73.7,121988
73.8,134257
73.9,141427
74.0,177854
74.1,140977
74.2,174781
74.3,159239
74.4,195189
74.5,213375
74.6,19071
74.7,180667
74.8,30297
74.9,0
75.0,0
75.1,0
75.2,0
75.3,0
75.4,0
75.5,0
75.6,0
75.7,0
75.8,0
75.9,703
76.0,0
76.1,0
76.2,0
76.3,0
76.4,0
76.5,0
76.6,0
76.7,0
76.8,0
76.9,0
77.0,0
77.1,1692
77.2,186616
77.3,246990
77.4,293475
77.5,262269
77.6,243151
77.7,250307
77.8,0
77.9,0
78.0,0
78.1,1979
78.2,0
78.3,0
78.4,0
78.5,0
78.6,0
78.7,0
78.8,0
78.9,0
79.0,2699
79.1,5169
79.2,154
79.3,0
79.4,0
79.5,0
79.6,0
79.7,0
79.8,0
79.9,0
80.0,0
80.1,0
80.2,0
80.3,0
80.4,0
80.5,0
80.6,0
80.7,0
80.8,0
80.9,0
81.0,0
81.1,0
81.2,0
81.3,513
81.4,0
81.5,0
81.6,0
81.7,0
81.8,0
81.9,101035
82.0,270025
82.1,217211
82.2,250248
82.3,256893
82.4,213506
82.5,234466
82.6,0
82.7,0
82.8,0
82.9,0
83.0,0
83.1,0
83.2,0
83.3,0
83.4,1342
83.5,0
83.6,0
83.7,0
83.8,0
83.9,0
84.0,0
84.1,0
84.2,0
84.3,0
84.4,0
84.5,0
84.6,0
84.7,0
84.8,0
84.9,0
85.0,0
85.1,0
85.2,0
85.3,0
85.4,0
85.5,0
85.6,0
85.7,5537
85.8,183006
85.9,86210
86.0,0
86.1,0
86.2,0
86.3,0
86.4,0
86.5,0
86.6,0
86.7,0
86.8,58787
86.9,213897
87.0,267990
87.1,252461
87.2,143409
87.3,195837
87.4,242045
87.5,260520
87.6,159276
87.7,0
87.8,0
87.9,0
88.0,0
88.1,0
88.2,0
88.3,0
88.4,0
88.5,0
88.6,0
88.7,0
88.8,0
88.9,0
89.0,0
89.1,0
89.2,0
89.3,0
89.4,0
89.5,0
89.6,0
89.7,0
89.8,0
89.9,0
90.0,0
90.1,0
90.2,612
90.3,0
90.4,0
90.5,0
90.6,0
90.7,0
90.8,449
90.9,0
91.0,449
91.1,793
91.2,0
91.3,0
91.4,78317
91.5,188555
91.6,1861
91.7,0
91.8,0
91.9,0
92.0,0
92.1,0
92.2,0
92.3,0
92.4,0
92.5,0
92.6,0
92.7,0
92.8,0
92.9,0
93.0,340
93.1,154
93.2,0
93.3,0
93.4,0
93.5,0
93.6,0
93.7,0
93.8,0
93.9,134660
94.0,178088
94.1,242791
94.2,245618
94.3,144740
94.4,244066
94.5,35186
94.6,0
94.7,0
94.8,0
94.9,793
95.0,0
95.1,0
95.2,0
95.3,0
95.4,0
95.5,0
95.6,0
95.7,0
95.8,721
95.9,0
96.0,0
96.1,0
96.2,0
96.3,0
96.4,0
96.5,0
96.6,0
96.7,0
96.8,0
96.9,0
97.0,0
97.1,0
97.2,0
97.3,0
97.4,0
97.5,0
97.6,0
97.7,0
97.8,0
97.9,0
98.0,0
98.1,0
98.2,0
98.3,0
98.4,0
98.5,0
98.6,0
98.7,0
98.8,0
98.9,0
99.0,0
99.1,0
99.2,0
99.3,0
99.4,0
99.5,0
99.6,0
99.7,0
99.8,0
99.9,0
100.0,0
100.1,6998
100.2,353
100.3,0
100.4,0
100.5,0
100.6,5322
100.7,278779
100.8,167663
100.9,229860
101.0,239069
101.1,274912
101.2,221676
101.3,247540
101.4,2958
101.5,224676
101.6,22091
101.7,0
101.8,0
101.9,0
102.0,0
102.1,0
102.2,0
102.3,0
102.4,0
102.5,0
102.6,0
102.7,0
102.8,0
102.9,0
103.0,0
103.1,0
103.2,0
103.3,0
103.4,0
103.5,0
103.6,0
103.7,0
103.8,0
103.9,0
104.0,0
104.1,0
104.2,2765
104.3,0
104.4,3200
104.5,1749
104.6,0
104.7,0
104.8,0
104.9,0
105.0,0
105.1,0
105.2,166500
105.3,249402
105.4,191526
105.5,261574
105.6,152373
105.7,84736
105.8,117950
105.9,192400
106.0,153083
106.1,3894
106.2,0
106.3,0
106.4,0
106.5,0
106.6,0
106.7,0
106.8,0
106.9,0
107.0,0
107.1,0
107.2,0
107.3,0
107.4,0
107.5,0
107.6,0
107.7,0
107.8,0
107.9,0
108.0,0
108.1,0
108.2,0
108.3,0
108.4,0
108.5,0
108.6,0
108.7,0
108.8,0
108.9,159296
109.0,270499
109.1,181757
109.2,238705
109.3,315743
109.4,184123
109.5,273142
109.6,139064
109.7,0
109.8,0
109.9,0
110.0,0
110.1,0
110.2,0
110.3,0
110.4,0
110.5,0
110.6,0
110.7,0
110.8,0
110.9,0
111.0,0
111.1,0
111.2,0
111.3,0
111.4,0
111.5,0
111.6,0
111.7,0
111.8,0
111.9,0
112.0,0
112.1,0
112.2,449
112.3,0
112.4,79770
112.5,178647
112.6,268693
112.7,265690
112.8,268496
112.9,260559
113.0,232644
113.1,22476
113.2,0
113.3,0
113.4,0
113.5,0
113.6,0
113.7,0
113.8,0
113.9,0
114.0,0
114.1,0
114.2,0
114.3,0
114.4,0
114.5,0
114.6,0
114.7,0
114.8,0
114.9,0
115.0,0
115.1,0
115.2,0
115.3,0
115.4,0
115.5,0
115.6,0
115.7,0
115.8,0
115.9,0
116.0,0
116.1,0
116.2,0
116.3,0
116.4,0
116.5,0
116.6,0
116.7,0
116.8,0
116.9,0
117.0,0
117.1,0
117.2,0
117.3,0
117.4,0
117.5,0
117.6,8994
117.7,220073
117.8,143674
117.9,284564
118.0,258016
118.1,301424
118.2,223912
118.3,157135
118.4,200563
118.5,80227
118.6,0
118.7,0
118.8,0
118.9,0
119.0,4190
119.1,2132
119.2,0
119.3,0
119.4,0
119.5,0
119.6,0
119.7,5411
119.8,210760
119.9,267207
120.0,255657
120.1,205687
120.2,277649
120.3,308595
120.4,445
120.5,0
120.6,0
120.7,0
120.8,0
120.9,0
121.0,0
121.1,0
121.2,0
121.3,0
121.4,0
121.5,0
121.6,0
121.7,0
121.8,0
121.9,0
122.0,0
122.1,0
122.2,0
122.3,0
122.4,0
122.5,0
122.6,0
122.7,6465
122.8,0
122.9,0
123.0,0
123.1,0
123.2,0
123.3,0
123.4,135900
123.5,88577
123.6,0
123.7,187
123.8,0
123.9,0
124.0,0
124.1,0
124.2,0
124.3,0
124.4,0
124.5,0
124.6,0
124.7,45
124.8,216562
124.9,238506
125.0,278744
125.1,163893
125.2,280572
125.3,182684
125.4,96769
125.5,0
125.6,0
125.7,0
125.8,0
125.9,0
126.0,0
126.1,0
126.2,0
126.3,0
126.4,0
126.5,0
126.6,0
126.7,0
126.8,0
126.9,0
127.0,0
127.1,0
127.2,0
127.3,0
127.4,0
127.5,0
127.6,0
127.7,0
127.8,0
127.9,0
128.0,0
128.1,0
128.2,0
128.3,0
128.4,0
128.5,0
128.6,0
128.7,0
128.8,0
128.9,0
129.0,0
129.1,0
129.2,0
129.3,0
129.4,0
129.5,0
129.6,0
129.7,0
129.8,0
129.9,0
130.0,0
130.1,4523
130.2,154
130.3,0
130.4,0
130.5,0
130.6,0
130.7,0
130.8,0
130.9,0
131.0,0
131.1,0
131.2,0
131.3,0
131.4,0
131.5,0
131.6,0
131.7,0
131.8,0
131.9,205
132.0,475
132.1,0
132.2,0
132.3,0
132.4,0
132.5,0
132.6,0
132.7,0
132.8,0
132.9,0
133.0,0
133.1,0
133.2,0
133.3,0
133.4,0
133.5,0
133.6,0
133.7,0
133.8,3060
133.9,4502
134.0,0
134.1,0
134.2,0
134.3,0
134.4,0
134.5,0
134.6,0
134.7,0
134.8,0
134.9,0
135.0,0
135.1,0
135.2,0
135.3,0
135.4,0
135.5,0
135.6,0
135.7,0
135.8,0
135.9,520
136.0,154
136.1,1503
136.2,295
136.3,308
136.4,0
136.5,0
136.6,793
136.7,0
136.8,0
136.9,0
137.0,0
137.1,0
137.2,0
137.3,0
137.4,0
137.5,0
137.6,0
137.7,0
137.8,0
137.9,0
138.0,0
138.1,543
138.2,365
138.3,0
138.4,0
138.5,0
138.6,0
138.7,0
138.8,0
138.9,0
139.0,0
139.1,0
139.2,0
139.3,0
139.4,0
139.5,0
139.6,0
139.7,0
139.8,0
139.9,0
140.0,0
140.1,0
140.2,0
140.3,0
140.4,0
140.5,0
140.6,0
140.7,0
140.8,0
140.9,0
141.0,0
141.1,0
141.2,0
141.3,0
141.4,0
141.5,0
141.6,0
141.7,0
141.8,0
141.9,0
142.0,0
142.1,0
142.2,0
142.3,0
142.4,0
142.5,0
142.6,0
142.7,0
142.8,0
142.9,0
143.0,0
143.1,0
143.2,0
143.3,0
143.4,0
143.5,0
143.6,0
143.7,0
143.8,0
143.9,517
144.0,1595
144.1,429
144.2,0
144.3,0
144.4,0
144.5,0
144.6,0
144.7,0
144.8,0
144.9,0
145.0,0
145.1,858
145.2,0
145.3,0
145.4,0
145.5,0
145.6,0
145.7,0
145.8,0
145.9,0
146.0,0
146.1,243
146.2,4328
146.3,0
146.4,0
146.5,0
146.6,0
146.7,0
146.8,0
146.9,0
147.0,0
147.1,0
147.2,0
147.3,0
147.4,0
147.5,0
147.6,0
147.7,0
147.8,1194
147.9,211
148.0,0
148.1,0
148.2,0
148.3,0
148.4,0
148.5,0
148.6,0
148.7,0
148.8,0
148.9,0
149.0,0
149.1,0
149.2,0
149.3,0
149.4,0
149.5,0
149.6,0
149.7,0
149.8,0
149.9,0
150.0,0
150.1,1261
150.2,4714
150.3,0
150.4,0
150.5,0
150.6,0
150.7,0
150.8,0
150.9,0
151.0,0
151.1,0
151.2,0
151.3,0
151.4,0
151.5,0
151.6,0
151.7,0
151.8,0
151.9,0
152.0,0
152.1,0
152.2,0
152.3,0
152.4,0
152.5,0
152.6,0
152.7,0
152.8,0
152.9,0
153.0,0
153.1,0
153.2,0
153.3,0
153.4,0
153.5,0
153.6,0
153.7,0
153.8,0
153.9,0
154.0,0
154.1,0
154.2,0
154.3,0
154.4,0
154.5,0
154.6,0
154.7,0
154.8,0
154.9,0
155.0,0
155.1,0
155.2,0
155.3,0
155.4,0
155.5,0
155.6,308
155.7,211
155.8,0
155.9,0
156.0,0
156.1,0
156.2,0
156.3,0
156.4,0
156.5,0
156.6,0
156.7,0
156.8,0
156.9,0
157.0,0
157.1,0
157.2,0
157.3,0
157.4,885
157.5,0
157.6,0
157.7,0
157.8,0
157.9,0
158.0,0
158.1,0
158.2,0
158.3,0
158.4,0
158.5,0
158.6,0
158.7,0
158.8,0
158.9,0
159.0,10911
159.1,3768
159.2,154
159.3,0
159.4,0
159.5,0
159.6,0
159.7,0
159.8,0
159.9,0
160.0,0
160.1,2340
160.2,0
160.3,0
160.4,0
160.5,0
160.6,1135
160.7,211
160.8,2849
160.9,154
161.0,0
161.1,0
161.2,0
161.3,0
161.4,0
161.5,0
161.6,0
161.7,0
161.8,0
161.9,0
162.0,0
162.1,0
162.2,0
162.3,0
162.4,0
162.5,0
162.6,0
162.7,0
162.8,0
162.9,0
163.0,0
163.1,0
163.2,0
163.3,0
163.4,0
163.5,0
163.6,0
163.7,0
163.8,0
163.9,0
164.0,0
164.1,0
164.2,0
164.3,0
164.4,0
164.5,0
164.6,0
164.7,0
164.8,0
164.9,0
165.0,0
165.1,0
165.2,0
165.3,0
165.4,0
165.5,0
165.6,0
165.7,0
165.8,0
165.9,0
166.0,0
166.1,0
166.2,0
166.3,0
166.4,0
166.5,0
166.6,0
166.7,0
166.8,0
166.9,0
167.0,0
167.1,0
167.2,0
167.3,0
167.4,0
167.5,0
167.6,0
167.7,0
167.8,0
167.9,0
168.0,0
168.1,0
168.2,0
168.3,0
168.4,0
168.5,0
168.6,0
168.7,0
168.8,0
168.9,0
169.0,0
169.1,8685
169.2,2036
169.3,154
169.4,0
169.5,0
169.6,0
169.7,0
169.8,0
169.9,0
170.0,0
170.1,0
170.2,0
170.3,0
170.4,0
170.5,0
170.6,0
170.7,0
170.8,0
170.9,0
171.0,0
171.1,0
171.2,0
171.3,0
171.4,0
171.5,0
171.6,0
171.7,0
171.8,0
171.9,0
172.0,0
172.1,0
172.2,0
172.3,0
172.4,0
172.5,0
172.6,0
172.7,0
172.8,0
172.9,0
173.0,0
173.1,0
173.2,0
173.3,0
173.4,0
173.5,0
173.6,0
173.7,0
173.8,0
173.9,0
174.0,0
174.1,0
174.2,0
174.3,0
174.4,0
174.5,0
174.6,0
174.7,0
174.8,0
174.9,0
175.0,0
175.1,0
175.2,0
175.3,0
175.4,0
175.5,0
175.6,0
175.7,0
175.8,0
175.9,0
176.0,0
176.1,0
176.2,0
176.3,0
176.4,0
176.5,0
176.6,0
176.7,0
176.8,0
176.9,0
177.0,0
177.1,0
177.2,0
177.3,0
177.4,0
177.5,0
177.6,0
177.7,0
177.8,0
177.9,0
178.0,0
178.1,1449
178.2,577
178.3,0
178.4,0
178.5,0
178.6,0
178.7,0
178.8,0
178.9,0
179.0,0
179.1,0
179.2,0
179.3,0
179.4,0
179.5,0
179.6,0
179.7,0
179.8,0
179.9,0
180.0,0
180.1,0
180.2,0
180.3,0
180.4,0
180.5,0
180.6,0
180.7,0
180.8,0
180.9,0
181.0,295
181.1,154
181.2,365
181.3,0
181.4,827
181.5,0
181.6,0
181.7,1397
181.8,0
181.9,0
182.0,0
182.1,0
182.2,0
182.3,0
182.4,0
182.5,0
182.6,0
182.7,0
182.8,0
182.9,0
183.0,0
183.1,401
183.2,0
183.3,519
183.4,0
183.5,0
183.6,0
183.7,0
183.8,0
183.9,0
184.0,0
184.1,0
184.2,0
184.3,0
184.4,0
184.5,0
184.6,0
184.7,0
184.8,0
184.9,0
185.0,0
185.1,0
185.2,0
185.3,0
185.4,0
185.5,0
185.6,0
185.7,0
185.8,0
185.9,0
186.0,0
186.1,0
186.2,0
186.3,0
186.4,0
186.5,0
186.6,0
186.7,0
186.8,0
186.9,0
187.0,0
187.1,0
187.2,0
187.3,0
187.4,0
187.5,0
187.6,0
187.7,0
187.8,0
187.9,0
188.0,0
188.1,0
188.2,0
188.3,0
188.4,0
188.5,0
188.6,0
188.7,0
188.8,0
188.9,0
189.0,0
189.1,0
189.2,0
189.3,0
189.4,0
189.5,0
189.6,0
189.7,0
189.8,0
189.9,0
190.0,0
190.1,244
190.2,1676
190.3,0
190.4,0
190.5,0
190.6,0
190.7,0
190.8,0
190.9,0
191.0,0
191.1,0
191.2,0
191.3,0
191.4,0
191.5,0
191.6,0
191.7,0
191.8,0
191.9,0
192.0,0
192.1,0
192.2,0
192.3,0
192.4,0
192.5,0
192.6,0
192.7,0
192.8,0
192.9,4002
193.0,0
193.1,0
193.2,0
193.3,0
193.4,0
193.5,0
193.6,0
193.7,0
193.8,0
193.9,0
194.0,0
194.1,0
194.2,0
194.3,0
194.4,0
194.5,0
194.6,0
194.7,0
194.8,0
194.9,0
195.0,0
195.1,0
195.2,0
195.3,0
195.4,0
195.5,0
195.6,0
195.7,0
195.8,0
195.9,0
196.0,0
196.1,0
196.2,0
196.3,0
196.4,0
196.5,0
196.6,0
196.7,0
196.8,0
196.9,0
197.0,0
197.1,0
197.2,0
197.3,0
197.4,0
197.5,0
197.6,0
197.7,0
197.8,0
197.9,0
198.0,0
198.1,0
198.2,0
198.3,0
198.4,0
198.5,0
198.6,0
198.7,0
198.8,0
198.9,0
199.0,20169
199.1,8037
199.2,1736
199.3,0
199.4,0
199.5,0
199.6,0
199.7,0
199.8,0
199.9,0
200.0,0
200.1,0
200.2,0
200.3,0
200.4,0
200.5,0
200.6,1292
200.7,459
200.8,0
200.9,0
201.0,0
201.1,0
201.2,543
201.3,0
201.4,0
201.5,0
201.6,0
201.7,0
201.8,0
201.9,0
202.0,0
202.1,0
202.2,0
202.3,0
202.4,0
202.5,2072
202.6,0
202.7,0
202.8,0
202.9,0
203.0,0
203.1,0
203.2,0
203.3,0
203.4,0
203.5,0
203.6,0
203.7,0
203.8,0
203.9,0
204.0,0
204.1,0
204.2,0
204.3,0
204.4,0
204.5,0
204.6,0
204.7,0
204.8,0
204.9,0
205.0,0
205.1,0
205.2,0
205.3,0
205.4,0
205.5,0
205.6,0
205.7,0
205.8,0
205.9,0
206.0,1395
206.1,0
206.2,0
206.3,0
206.4,0
206.5,0
206.6,0
206.7,0
206.8,2018
206.9,0
207.0,0
207.1,0
207.2,0
207.3,0
207.4,0
207.5,0
207.6,0
207.7,0
207.8,1889
207.9,1013
208.0,0
208.1,0
208.2,0
208.3,0
208.4,0
208.5,0
208.6,0
208.7,0
208.8,0
208.9,2695
209.0,0
209.1,0
209.2,0
209.3,0
209.4,0
209.5,0
209.6,0
209.7,0
209.8,0
209.9,0
0.0,0
0.1,0
0.2,2259
0.3,0
0.4,0
0.5,41628
0.6,4671
0.7,0
0.8,5857
0.9,4156
1.0,52659
1.1,28006
1.2,2050
1.3,4416
1.4,35026
1.5,200339
1.6,181602
1.7,47107
1.8,5029
1.9,50319
2.0,9806
2.1,308
2.2,56902
2.3,234090
2.4,86702
2.5,248510
2.6,238962
2.7,33900
2.8,174328
2.9,1100
3.0,0
3.1,8283
3.2,131099
3.3,183864
3.4,160623
3.5,227434
3.6,293999
3.7,156067
3.8,176991
3.9,270292
4.0,59677
4.1,207448
4.2,218838
4.3,302599
4.4,215990
4.5,242153
4.6,213101
4.7,0
4.8,0
4.9,0
5.0,0
5.1,0
5.2,0
5.3,0
5.4,0
5.5,0
5.6,0
5.7,0
5.8,0
5.9,0
6.0,42713
6.1,204560
6.2,4940
6.3,0
6.4,0
6.5,0
6.6,0
6.7,0
6.8,0
6.9,0
7.0,0
7.1,0
7.2,0
7.3,0
7.4,0
7.5,0
7.6,0
7.7,0
7.8,0
7.9,0
8.0,0
8.1,0
8.2,0
8.3,0
8.4,0
8.5,0
8.6,0
8.7,0
8.8,0
8.9,0
9.0,0
9.1,0
9.2,591
9.3,0
9.4,13612
9.5,0
9.6,3301
9.7,3371
9.8,1688
9.9,135574
10.0,89162
10.1,91635
10.2,98674
10.3,105339
10.4,79118
10.5,19092
10.6,55406
10.7,29366
10.8,59822
10.9,62676
11.0,93212
11.1,51455
11.2,166273
11.3,142360
11.4,39457
11.5,37575
11.6,115045
11.7,2763
11.8,6417
11.9,1816
12.0,0
12.1,0
12.2,0
12.3,0
12.4,0
12.5,0
12.6,0
12.7,0
12.8,0
12.9,0
13.0,4363
13.1,308
13.2,0
13.3,0
13.4,0
13.5,0
13.6,0
13.7,0
13.8,0
13.9,0
14.0,5377
14.1,0
14.2,0
14.3,0
14.4,0
14.5,0
14.6,0
14.7,0
14.8,0
14.9,0
15.0,0
15.1,0
15.2,0
15.3,0
15.4,0
15.5,0
15.6,0
15.7,0
15.8,0
15.9,0
16.0,0
16.1,0
16.2,3042
16.3,1221
16.4,0
16.5,0
16.6,0
16.7,0
16.8,0
16.9,0
17.0,0
17.1,0
17.2,0
17.3,0
17.4,0
17.5,0
17.6,0
17.7,0
17.8,0
17.9,0
18.0,0
18.1,0
18.2,0
18.3,0
18.4,0
18.5,0
18.6,0
18.7,0
18.8,0
18.9,0
19.0,4954
19.1,0
19.2,13055
19.3,2780
19.4,0
19.5,0
19.6,0
19.7,0
19.8,0
19.9,0
20.0,0
20.1,0
20.2,0
20.3,0
20.4,0
20.5,0
20.6,0
20.7,0
20.8,0
20.9,0
21.0,0
21.1,0
21.2,0
21.3,0
21.4,0
21.5,0
21.6,0
21.7,0
21.8,0
21.9,0
22.0,0
22.1,0
22.2,0
22.3,0
22.4,0
22.5,0
22.6,0
22.7,0
22.8,0
22.9,2638
23.0,1825
23.1,154
23.2,0
23.3,0
23.4,0
23.5,0
23.6,0
23.7,0
23.8,0
23.9,5602
24.0,308
24.1,0
24.2,0
24.3,0
24.4,0
24.5,0
24.6,0
24.7,0
24.8,0
24.9,0
25.0,0
25.1,0
25.2,0
25.3,0
25.4,0
25.5,0
25.6,0
25.7,0
25.8,0
25.9,0
26.0,0
26.1,0
26.2,0
26.3,0
26.4,0
26.5,0
26.6,0
26.7,0
26.8,0
26.9,0
27.0,0
27.1,0
27.2,0
27.3,0
27.4,0
27.5,0
27.6,0
27.7,0
27.8,0
27.9,0
28.0,1041
28.1,0
28.2,0
28.3,0
28.4,0
28.5,0
28.6,0
28.7,0
28.8,0
28.9,3213
29.0,154
29.1,5309
29.2,4403
29.3,3087
29.4,2584
29.5,0
29.6,0
29.7,0
29.8,0
29.9,0
30.0,0
30.1,0
30.2,0
30.3,0
30.4,0
30.5,0
30.6,1531
30.7,154
30.8,0
30.9,0
31.0,0
31.1,0
31.2,0
31.3,0
31.4,0
31.5,0
31.6,0
31.7,0
31.8,0
31.9,0
32.0,0
32.1,0
32.2,0
32.3,0
32.4,0
32.5,0
32.6,0
32.7,0
32.8,0
32.9,0
33.0,5877
33.1,653
33.2,0
33.3,0
33.4,0
33.5,0
33.6,0
33.7,0
33.8,0
33.9,535
34.0,2631
34.1,0
34.2,0
34.3,0
34.4,0
34.5,0
34.6,0
34.7,0
34.8,0
34.9,0
35.0,0
35.1,0
35.2,0
35.3,0
35.4,0
35.5,0
35.6,0
35.7,0
35.8,0
35.9,0
36.0,0
36.1,0
36.2,0
36.3,0
36.4,0
36.5,0
36.6,0
36.7,0
36.8,0
36.9,0
37.0,0
37.1,0
37.2,0
37.3,0
37.4,0
37.5,0
37.6,0
37.7,0
37.8,0
37.9,0
38.0,0
38.1,0
38.2,0
38.3,0
38.4,0
38.5,0
38.6,0
38.7,0
38.8,0
38.9,0
39.0,3591
39.1,4602
39.2,5843
39.3,0
39.4,0
39.5,0
39.6,0
39.7,0
39.8,0
39.9,0
40.0,0
40.1,0
40.2,0
40.3,0
40.4,0
40.5,0
40.6,0
40.7,0
40.8,0
40.9,0
41.0,11370
41.1,3758
41.2,0
41.3,0
41.4,0
41.5,0
41.6,1405
41.7,0
41.8,0
41.9,625
42.0,0
42.1,0
42.2,0
42.3,0
42.4,936
42.5,0
42.6,0
42.7,0
42.8,0
42.9,0
43.0,0
43.1,0
43.2,0
43.3,0
43.4,0
43.5,0
43.6,0
43.7,0
43.8,0
43.9,5523
44.0,0
44.1,0
44.2,0
44.3,0
44.4,0
44.5,0
44.6,0
44.7,0
44.8,0
44.9,0
45.0,0
45.1,0
45.2,0
45.3,0
45.4,0
45.5,0
45.6,0
45.7,0
45.8,0
45.9,0
46.0,0
46.1,0
46.2,0
46.3,0
46.4,0
46.5,0
46.6,0
46.7,211
46.8,308
46.9,0
47.0,682
47.1,3428
47.2,0
47.3,0
47.4,0
47.5,0
47.6,0
47.7,0
47.8,6220
47.9,154
48.0,0
48.1,0
48.2,211
48.3,462
48.4,0
48.5,0
48.6,0
48.7,0
48.8,0
48.9,890
49.0,9153
49.1,2804
49.2,4781
49.3,2207
49.4,1938
49.5,0
49.6,0
49.7,0
49.8,0
49.9,0
50.0,0
50.1,0
50.2,0
50.3,0
50.4,0
50.5,0
50.6,0
50.7,0
50.8,0
50.9,0
51.0,0
51.1,0
51.2,3748
51.3,0
51.4,0
51.5,0
51.6,0
51.7,0
51.8,0
51.9,0
52.0,0
52.1,0
52.2,0
52.3,0
52.4,0
52.5,0
52.6,0
52.7,0
52.8,0
52.9,0
53.0,0
53.1,0
53.2,0
53.3,0
53.4,0
53.5,0
53.6,0
53.7,0
53.8,0
53.9,3115
54.0,20159
54.1,2772
54.2,0
54.3,0
54.4,0
54.5,0
54.6,0
54.7,0
54.8,0
54.9,0
55.0,0
55.1,0
55.2,0
55.3,4431
55.4,1346
55.5,0
55.6,0
55.7,0
55.8,0
55.9,0
56.0,0
56.1,0
56.2,0
56.3,1145
56.4,0
56.5,0
56.6,0
56.7,0
56.8,0
56.9,0
57.0,0
57.1,0
57.2,0
57.3,0
57.4,0
57.5,0
57.6,0
57.7,0
57.8,0
57.9,0
58.0,0
58.1,0
58.2,0
58.3,0
58.4,0
58.5,0
58.6,33676
58.7,39585
58.8,70357
58.9,9119
59.0,4063
59.1,0
59.2,14826
59.3,0
59.4,0
59.5,0
59.6,429
59.7,0
59.8,0
59.9,0
60.0,0
60.1,0
60.2,0
60.3,0
60.4,0
60.5,0
60.6,1938
60.7,186
60.8,0
60.9,0
61.0,0
61.1,0
61.2,0
61.3,0
61.4,0
61.5,0
61.6,827
61.7,1446
61.8,0
61.9,0
62.0,0
62.1,0
62.2,0
62.3,0
62.4,0
62.5,0
62.6,0
62.7,0
62.8,0
62.9,0
63.0,0
63.1,0
63.2,0
63.3,0
63.4,0
63.5,0
63.6,0
63.7,1115
