0.0,446
0.1,0
0.2,0
0.3,0
0.4,0
0.5,0
0.6,0
0.7,4618
0.8,0
0.9,3866
1.0,703
1.1,1938
1.2,8182
1.3,4732
1.4,498
1.5,0
1.6,0
1.7,0
1.8,0
1.9,0
2.0,0
2.1,0
2.2,0
2.3,0
2.4,0
2.5,0
2.6,0
2.7,788
2.8,1357
2.9,3100
3.0,4541
3.1,36539
3.2,18224
3.3,0
3.4,4427
3.5,32183
3.6,28538
3.7,127098
3.8,164150
3.9,17846
4.0,22833
4.1,12819
4.2,154
4.3,0
4.4,10520
4.5,3663
4.6,6455
4.7,1544
4.8,71777
4.9,124320
5.0,183283
5.1,275649
5.2,220876
5.3,5391
5.4,199217
5.5,5566
5.6,12580
5.7,260659
5.8,271469
5.9,163580
6.0,174755
6.1,109703
6.2,179156
6.3,164260
6.4,101601
6.5,4074
6.6,58067
6.7,232448
6.8,90301
6.9,89642
7.0,174220
7.1,51294
7.2,0
7.3,0
7.4,0
7.5,0
7.6,91674
7.7,268645
7.8,261036
7.9,201000
8.0,262090
8.1,257150
8.2,21048
8.3,2290
8.4,221951
8.5,4560
8.6,0
8.7,0
8.8,0
8.9,0
9.0,5351
9.1,154
9.2,0
9.3,0
9.4,0
9.5,0
9.6,0
9.7,0
9.8,0
9.9,0
10.0,0
10.1,0
10.2,0
10.3,0
10.4,0
10.5,0
10.6,0
10.7,3412
10.8,3261
10.9,0
11.0,9754
11.1,0
11.2,0
11.3,0
11.4,0
11.5,0
11.6,0
11.7,0
11.8,0
11.9,0
12.0,77150
12.1,184264
12.2,12372
12.3,0
12.4,0
12.5,0
12.6,0
12.7,0
12.8,0
12.9,0
13.0,3916
13.1,154
13.2,0
13.3,0
13.4,0
13.5,0
13.6,0
13.7,0
13.8,0
13.9,0
14.0,0
14.1,0
14.2,0
14.3,0
14.4,0
14.5,0
14.6,0
14.7,3455
14.8,258491
14.9,218939
15.0,318648
15.1,305349
15.2,239135
15.3,143785
15.4,0
15.5,0
15.6,0
15.7,3812
15.8,0
15.9,0
16.0,0
16.1,0
16.2,0
16.3,0
16.4,0
16.5,0
16.6,0
16.7,0
16.8,0
16.9,0
17.0,0
17.1,0
17.2,0
17.3,0
17.4,0
17.5,0
17.6,0
17.7,0
17.8,0
17.9,0
18.0,0
18.1,0
18.2,0
18.3,0
18.4,0
18.5,0
18.6,0
18.7,0
18.8,0
18.9,2674
19.0,120960
19.1,274709
19.2,0
19.3,0
19.4,0
19.5,0
19.6,0
19.7,0
19.8,0
19.9,0
20.0,0
20.1,0
20.2,0
20.3,0
20.4,0
20.5,0
20.6,0
20.7,4702
20.8,2600
20.9,4711
21.0,4853
21.1,0
21.2,0
21.3,0
21.4,0
21.5,0
21.6,0
21.7,1702
21.8,213967
21.9,268839
22.0,238814
22.1,221201
22.2,149743
22.3,145525
22.4,184073
22.5,122215
22.6,167069
22.7,154508
22.8,128585
22.9,121574
23.0,154
23.1,0
23.2,0
23.3,0
23.4,0
23.5,0
23.6,0
23.7,0
23.8,0
23.9,0
24.0,0
24.1,0
24.2,0
24.3,0
24.4,0
24.5,0
24.6,0
24.7,0
24.8,0
24.9,0
25.0,0
25.1,0
25.2,0
25.3,0
25.4,0
25.5,0
25.6,116424
25.7,144359
25.8,0
25.9,0
26.0,0
26.1,0
26.2,0
26.3,0
26.4,0
26.5,0
26.6,0
26.7,0
26.8,0
26.9,0
27.0,0
27.1,0
27.2,0
27.3,0
27.4,0
27.5,0
27.6,0
27.7,0
27.8,0
27.9,0
28.0,0
28.1,0
28.2,0
28.3,0
28.4,0
28.5,0
28.6,0
28.7,0
28.8,513
28.9,2616
29.0,1691
29.1,462
29.2,4850
29.3,254767
29.4,162936
29.5,210382
29.6,205270
29.7,211169
29.8,239927
29.9,257117
30.0,183609
30.1,872
30.2,0
30.3,0
30.4,0
30.5,0
30.6,0
30.7,4257
30.8,1433
30.9,5318
31.0,2626
31.1,1292
31.2,0
31.3,0
31.4,0
31.5,0
31.6,0
31.7,0
31.8,0
31.9,0
32.0,116217
32.1,143604
32.2,0
32.3,0
32.4,0
32.5,0
32.6,0
32.7,0
32.8,0
32.9,0
33.0,0
33.1,0
33.2,0
33.3,0
33.4,0
33.5,0
33.6,0
33.7,0
33.8,0
33.9,0
34.0,0
34.1,0
34.2,0
34.3,0
34.4,0
34.5,0
34.6,0
34.7,0
34.8,0
34.9,0
35.0,0
35.1,0
35.2,0
35.3,0
35.4,0
35.5,120552
35.6,163837
35.7,4580
35.8,0
35.9,0
36.0,446
36.1,0
36.2,0
36.3,0
36.4,0
36.5,0
36.6,0
36.7,1748
36.8,211979
36.9,191507
37.0,233390
37.1,236536
37.2,140620
37.3,200278
37.4,211633
37.5,117850
37.6,0
37.7,0
37.8,0
37.9,0
38.0,1083
38.1,0
38.2,0
38.3,0
38.4,0
38.5,0
38.6,0
38.7,0
38.8,0
38.9,0
39.0,0
39.1,0
39.2,0
39.3,0
39.4,0
39.5,50467
39.6,151285
39.7,81460
39.8,0
39.9,0
40.0,0
40.1,0
40.2,0
40.3,0
40.4,0
40.5,0
40.6,0
40.7,3521
40.8,0
40.9,1523
41.0,6451
41.1,1646
41.2,0
41.3,0
41.4,0
41.5,0
41.6,0
41.7,0
41.8,3277
41.9,212118
42.0,24192
42.1,0
42.2,0
42.3,0
42.4,0
42.5,0
42.6,0
42.7,0
42.8,0
42.9,0
43.0,6933
43.1,308
43.2,0
43.3,0
43.4,0
43.5,0
43.6,0
43.7,0
43.8,0
43.9,1647
44.0,205040
44.1,209911
44.2,76902
44.3,75629
44.4,86252
44.5,63047
44.6,113262
44.7,42071
44.8,59435
44.9,60569
45.0,54873
45.1,66522
45.2,165541
45.3,85933
45.4,183902
45.5,208466
45.6,240694
45.7,235223
45.8,33834
45.9,0
46.0,0
46.1,0
46.2,0
46.3,0
46.4,0
46.5,0
46.6,0
46.7,0
46.8,0
46.9,0
47.0,0
47.1,0
47.2,0
47.3,0
47.4,0
47.5,0
47.6,0
47.7,0
47.8,0
47.9,0
48.0,0
48.1,0
48.2,0
48.3,0
48.4,0
48.5,0
48.6,0
48.7,0
48.8,0
48.9,0
49.0,449
49.1,449
49.2,43254
49.3,225136
49.4,685
49.5,0
49.6,603
49.7,0
49.8,0
49.9,0
50.0,0
50.1,0
50.2,0
50.3,0
50.4,0
50.5,36006
50.6,202881
50.7,199827
50.8,178044
50.9,195303
51.0,234277
51.1,214878
51.2,121630
51.3,5813
51.4,0
51.5,1669
51.6,0
51.7,603
51.8,0
51.9,0
52.0,0
52.1,0
52.2,0
52.3,0
52.4,0
52.5,0
52.6,0
52.7,61070
52.8,256680
52.9,0
53.0,0
53.1,0
53.2,0
53.3,0
53.4,0
53.5,0
53.6,0
53.7,0
53.8,0
53.9,0
54.0,0
54.1,0
54.2,0
54.3,0
54.4,0
54.5,0
54.6,0
54.7,0
54.8,0
54.9,0
55.0,0
55.1,0
55.2,0
55.3,0
55.4,0
55.5,0
55.6,0
55.7,7146
55.8,1619
55.9,224943
56.0,57240
56.1,0
56.2,0
56.3,0
56.4,0
56.5,0
56.6,0
56.7,0
56.8,0
56.9,0
57.0,0
57.1,0
57.2,0
57.3,0
57.4,0
57.5,799
57.6,0
57.7,0
57.8,0
57.9,0
58.0,181774
58.1,267548
58.2,71613
58.3,268003
58.4,244398
58.5,232519
58.6,149176
58.7,0
58.8,81745
58.9,178499
59.0,295
59.1,0
59.2,0
59.3,0
59.4,0
59.5,0
59.6,0
59.7,0
59.8,0
59.9,0
60.0,0
60.1,0
60.2,0
60.3,0
60.4,0
60.5,0
60.6,0
60.7,11832
60.8,0
60.9,1574
61.0,6157
61.1,3105
61.2,0
61.3,0
61.4,0
61.5,0
61.6,0
61.7,0
61.8,0
61.9,0
62.0,0
62.1,10057
62.2,254991
62.3,0
62.4,0
62.5,0
62.6,0
62.7,0
62.8,0
62.9,0
63.0,0
63.1,0
63.2,0
63.3,0
63.4,0
63.5,0
63.6,981
63.7,0
63.8,0
63.9,0
64.0,0
64.1,0
64.2,0
64.3,0
64.4,0
64.5,0
64.6,0
64.7,0
64.8,0
64.9,3194
65.0,204414
65.1,253969
65.2,145537
65.3,163909
65.4,177757
65.5,212462
65.6,228581
65.7,241874
65.8,148803
65.9,3435
66.0,0
66.1,0
66.2,0
66.3,0
66.4,0
66.5,0
66.6,0
66.7,0
66.8,0
66.9,0
67.0,0
67.1,0
67.2,0
67.3,0
67.4,0
67.5,0
67.6,0
67.7,0
67.8,0
67.9,0
68.0,0
68.1,0
68.2,0
68.3,0
68.4,0
68.5,0
68.6,0
68.7,0
68.8,56621
68.9,177544
69.0,53580
69.1,0
69.2,0
69.3,0
69.4,0
69.5,0
69.6,0
69.7,0
69.8,0
69.9,0
70.0,0
70.1,0
70.2,0
70.3,0
70.4,0
70.5,0
70.6,0
70.7,0
70.8,0
70.9,0
71.0,0
71.1,0
71.2,0
71.3,0
71.4,0
71.5,0
71.6,0
71.7,0
71.8,0
71.9,5010
72.0,104655
72.1,75358
72.2,78853
72.3,71514
72.4,149353
72.5,49568
72.6,110150
72.7,144475
72.8,144984
72.9,160883
73.0,180027
73.1,187878
73.2,118017
73.3,242505
73.4,122847
73.5,0
73.6,0
73.7,0
73.8,317
73.9,0
74.0,0
74.1,0
74.2,0
74.3,0
74.4,0
74.5,0
74.6,0
74.7,0
74.8,0
74.9,0
75.0,0
75.1,0
75.2,0
75.3,0
75.4,0
75.5,0
75.6,0
75.7,0
75.8,0
75.9,0
76.0,4901
76.1,3455
76.2,220947
76.3,23968
76.4,154
76.5,0
76.6,0
76.7,0
76.8,0
76.9,0
77.0,0
77.1,0
77.2,0
77.3,0
77.4,0
77.5,0
77.6,0
77.7,0
77.8,0
77.9,0
78.0,0
78.1,0
78.2,0
78.3,0
78.4,0
78.5,0
78.6,0
78.7,0
78.8,0
78.9,0
79.0,0
79.1,0
79.2,0
79.3,106003
79.4,265156
79.5,2010
79.6,21084
79.7,238036
79.8,258148
79.9,225880
80.0,226731
80.1,295
80.2,0
80.3,0
80.4,0
80.5,0
80.6,0
80.7,0
80.8,0
80.9,0
81.0,0
81.1,0
81.2,0
81.3,0
81.4,0
81.5,0
81.6,0
81.7,0
81.8,0
81.9,0
82.0,0
82.1,0
82.2,0
82.3,0
82.4,0
82.5,0
82.6,0
82.7,0
82.8,0
82.9,0
83.0,0
83.1,0
83.2,0
83.3,0
83.4,0
83.5,0
83.6,0
83.7,0
83.8,0
83.9,0
84.0,0
84.1,0
84.2,0
84.3,0
84.4,0
84.5,0
84.6,0
84.7,0
84.8,0
84.9,0
85.0,0
85.1,0
85.2,0
85.3,0
85.4,0
85.5,0
85.6,0
85.7,0
85.8,0
85.9,0
86.0,0
86.1,0
86.2,0
86.3,0
86.4,0
86.5,0
86.6,0
86.7,0
86.8,0
86.9,0
87.0,0
87.1,0
87.2,0
87.3,0
87.4,2730
87.5,4782
87.6,1553
87.7,0
87.8,0
87.9,0
88.0,0
88.1,0
88.2,0
88.3,0
88.4,0
88.5,0
88.6,0
88.7,0
88.8,0
88.9,0
89.0,0
89.1,0
89.2,0
89.3,0
89.4,0
89.5,0
89.6,0
89.7,0
89.8,0
89.9,0
90.0,0
90.1,0
90.2,0
90.3,0
90.4,0
90.5,0
90.6,0
90.7,0
90.8,0
90.9,0
91.0,0
91.1,0
91.2,0
91.3,0
91.4,0
91.5,0
91.6,0
91.7,429
91.8,0
91.9,0
92.0,0
92.1,0
92.2,0
92.3,0
92.4,0
92.5,0
92.6,0
92.7,672
92.8,186
92.9,0
93.0,0
93.1,0
93.2,0
93.3,0
93.4,0
93.5,0
93.6,0
93.7,292
93.8,3489
93.9,368
94.0,0
94.1,1405
94.2,1917
94.3,0
94.4,2560
94.5,154
94.6,0
94.7,1643
94.8,975
94.9,0
95.0,0
95.1,0
95.2,0
95.3,0
95.4,0
95.5,0
95.6,0
95.7,0
95.8,0
95.9,0
96.0,0
96.1,0
96.2,0
96.3,0
96.4,0
96.5,0
96.6,519
96.7,0
96.8,625
96.9,0
97.0,0
97.1,0
97.2,0
97.3,0
97.4,0
97.5,0
97.6,0
97.7,0
97.8,999
97.9,0
98.0,0
98.1,0
98.2,0
98.3,0
98.4,0
98.5,0
98.6,0
98.7,0
98.8,0
98.9,0
99.0,0
99.1,0
99.2,0
99.3,0
99.4,0
99.5,0
99.6,0
99.7,0
99.8,0
99.9,0
100.0,0
100.1,0
100.2,0
100.3,0
100.4,0
100.5,0
100.6,0
100.7,0
100.8,0
100.9,0
101.0,0
101.1,0
101.2,0
101.3,0
101.4,0
101.5,0
101.6,0
101.7,0
101.8,0
101.9,0
102.0,0
102.1,0
102.2,0
102.3,0
102.4,0
102.5,0
102.6,0
102.7,0
102.8,187
102.9,520
103.0,14248
103.1,4110
103.2,308
103.3,0
103.4,0
103.5,0
103.6,1300
103.7,0
103.8,0
103.9,0
104.0,0
104.1,0
104.2,0
104.3,0
104.4,0
104.5,0
104.6,0
104.7,0
104.8,0
104.9,0
105.0,0
105.1,0
105.2,0
105.3,0
105.4,0
105.5,0
105.6,0
105.7,0
105.8,0
105.9,0
106.0,0
106.1,0
106.2,0
106.3,0
106.4,0
106.5,0
106.6,0
106.7,0
106.8,0
106.9,0
107.0,0
107.1,0
107.2,0
107.3,0
107.4,0
107.5,0
107.6,0
107.7,0
107.8,0
107.9,0
108.0,0
108.1,0
108.2,0
108.3,0
108.4,0
108.5,0
108.6,0
108.7,0
108.8,0
108.9,0
109.0,0
109.1,0
109.2,0
109.3,0
109.4,0
109.5,0
109.6,0
109.7,0
109.8,0
109.9,0
110.0,0
110.1,0
110.2,308
110.3,731
110.4,0
110.5,0
110.6,0
110.7,0
110.8,0
110.9,0
111.0,0
111.1,0
111.2,0
111.3,0
111.4,0
111.5,0
111.6,0
111.7,0
111.8,0
111.9,0
112.0,0
112.1,0
112.2,0
112.3,0
112.4,0
112.5,0
112.6,0
112.7,0
112.8,0
112.9,0
113.0,0
113.1,0
113.2,0
113.3,0
113.4,0
113.5,0
113.6,0
113.7,0
113.8,0
113.9,0
114.0,676
114.1,0
114.2,0
114.3,0
114.4,0
114.5,0
114.6,0
114.7,0
114.8,0
114.9,0
115.0,0
115.1,0
115.2,1359
115.3,0
115.4,0
115.5,0
115.6,0
115.7,0
115.8,0
115.9,0
116.0,7620
116.1,308
116.2,0
116.3,0
116.4,0
116.5,0
116.6,0
116.7,0
116.8,0
116.9,0
117.0,0
117.1,0
117.2,0
117.3,0
117.4,0
117.5,0
117.6,0
117.7,0
117.8,0
117.9,0
118.0,0
118.1,0
118.2,0
118.3,0
118.4,0
118.5,0
118.6,0
118.7,0
118.8,0
118.9,0
119.0,0
119.1,0
119.2,0
119.3,0
119.4,0
119.5,0
119.6,0
119.7,0
119.8,0
119.9,0
120.0,0
120.1,0
120.2,0
120.3,0
120.4,0
120.5,0
120.6,0
120.7,0
120.8,0
120.9,0
121.0,0
121.1,0
121.2,0
121.3,0
121.4,0
121.5,0
121.6,0
121.7,0
121.8,0
121.9,0
122.0,0
122.1,0
122.2,0
122.3,0
122.4,0
122.5,0
122.6,0
122.7,0
122.8,0
122.9,0
123.0,0
123.1,0
123.2,0
123.3,0
123.4,0
123.5,0
123.6,0
123.7,0
123.8,0
123.9,0
124.0,0
124.1,0
124.2,0
124.3,0
124.4,0
124.5,0
124.6,0
124.7,0
124.8,0
124.9,0
125.0,0
125.1,0
125.2,0
125.3,0
125.4,0
125.5,0
125.6,0
125.7,0
125.8,0
125.9,0
126.0,0
126.1,0
126.2,0
126.3,0
126.4,0
126.5,0
126.6,0
126.7,0
126.8,0
126.9,0
127.0,0
127.1,0
127.2,0
127.3,0
127.4,0
127.5,0
127.6,0
127.7,0
127.8,0
127.9,0
128.0,0
128.1,0
128.2,0
128.3,0
128.4,0
128.5,0
128.6,0
128.7,0
128.8,0
128.9,0
129.0,0
129.1,0
129.2,0
129.3,0
129.4,0
129.5,0
129.6,0
129.7,0
129.8,0
129.9,0
130.0,0
130.1,0
130.2,0
130.3,0
130.4,0
130.5,0
130.6,0
130.7,0
130.8,0
130.9,0
131.0,0
131.1,0
131.2,0
131.3,0
131.4,0
131.5,0
131.6,0
131.7,0
131.8,0
131.9,0
132.0,0
132.1,0
132.2,0
132.3,0
132.4,0
132.5,0
132.6,0
132.7,0
132.8,0
132.9,0
133.0,0
133.1,5655
133.2,154
133.3,0
133.4,0
133.5,0
133.6,2463
133.7,0
133.8,0
133.9,0
134.0,0
134.1,0
134.2,0
134.3,0
134.4,0
134.5,0
134.6,0
134.7,0
134.8,0
134.9,0
135.0,0
135.1,0
135.2,0
135.3,0
135.4,0
135.5,0
135.6,0
135.7,0
135.8,0
135.9,0
136.0,0
136.1,0
136.2,0
136.3,0
136.4,0
136.5,0
136.6,0
136.7,0
136.8,0
136.9,0
137.0,0
137.1,0
137.2,0
137.3,0
137.4,0
137.5,0
137.6,0
137.7,0
137.8,0
137.9,0
138.0,0
138.1,0
138.2,0
138.3,0
138.4,0
138.5,0
138.6,0
138.7,0
138.8,0
138.9,0
139.0,0
139.1,0
139.2,498
139.3,295
139.4,154
139.5,449
139.6,0
139.7,0
139.8,449
139.9,0
140.0,0
140.1,0
140.2,0
140.3,0
140.4,0
140.5,0
140.6,0
140.7,0
140.8,0
140.9,0
141.0,627
141.1,0
141.2,461
141.3,0
141.4,0
141.5,0
141.6,0
141.7,344
141.8,154
141.9,449
142.0,0
142.1,0
142.2,0
142.3,0
142.4,0
142.5,0
142.6,0
142.7,0
142.8,0
142.9,0
143.0,0
143.1,0
143.2,0
143.3,0
143.4,0
143.5,0
143.6,0
143.7,0
143.8,0
143.9,0
144.0,0
144.1,0
144.2,0
144.3,0
144.4,0
144.5,0
144.6,0
144.7,0
144.8,0
144.9,0
145.0,0
145.1,0
145.2,0
145.3,0
145.4,0
145.5,0
145.6,0
145.7,0
145.8,0
145.9,0
146.0,0
146.1,0
146.2,0
146.3,0
146.4,0
146.5,0
146.6,0
146.7,0
146.8,0
146.9,0
147.0,0
147.1,0
147.2,0
147.3,0
147.4,0
147.5,0
147.6,0
147.7,0
147.8,0
147.9,0
148.0,0
148.1,0
148.2,0
148.3,0
148.4,0
148.5,0
148.6,869
148.7,0
148.8,0
148.9,0
149.0,0
149.1,0
149.2,0
149.3,0
149.4,0
149.5,0
149.6,0
149.7,0
149.8,0
149.9,0
150.0,0
150.1,0
150.2,0
150.3,0
150.4,0
150.5,0
150.6,0
150.7,0
150.8,0
150.9,0
151.0,0
151.1,0
151.2,0
151.3,0
151.4,0
151.5,0
151.6,0
151.7,0
151.8,0
151.9,0
152.0,0
152.1,0
152.2,0
152.3,0
152.4,0
152.5,0
152.6,0
152.7,0
152.8,0
152.9,0
153.0,0
153.1,0
153.2,0
153.3,0
153.4,0
153.5,0
153.6,401
153.7,0
153.8,0
153.9,0
154.0,0
154.1,0
154.2,0
154.3,0
154.4,0
154.5,934
154.6,0
154.7,0
154.8,0
154.9,0
155.0,0
155.1,0
155.2,0
155.3,295
155.4,142
155.5,556
155.6,1177
155.7,0
155.8,0
155.9,0
156.0,8217
156.1,0
156.2,0
156.3,0
156.4,0
156.5,0
156.6,1520
156.7,0
156.8,0
156.9,0
157.0,0
157.1,0
157.2,0
157.3,0
157.4,0
157.5,0
157.6,0
157.7,0
157.8,1924
157.9,0
158.0,0
158.1,0
158.2,0
158.3,0
158.4,0
158.5,0
158.6,0
158.7,0
158.8,0
158.9,0
159.0,0
159.1,0
159.2,0
159.3,0
159.4,0
159.5,0
159.6,0
159.7,0
159.8,0
159.9,0
160.0,0
160.1,0
160.2,0
160.3,0
160.4,0
160.5,0
160.6,0
160.7,0
160.8,0
160.9,0
161.0,0
161.1,0
161.2,0
161.3,0
161.4,0
161.5,848
161.6,0
161.7,0
161.8,0
161.9,0
162.0,0
162.1,0
162.2,0
162.3,0
162.4,0
162.5,0
162.6,0
162.7,0
162.8,877
162.9,130
163.0,0
163.1,5759
163.2,154
163.3,0
163.4,0
163.5,0
163.6,0
163.7,0
163.8,0
163.9,0
164.0,0
164.1,0
164.2,0
164.3,0
164.4,0
164.5,0
164.6,0
164.7,0
164.8,0
164.9,0
165.0,0
165.1,0
165.2,0
165.3,0
165.4,0
165.5,0
165.6,0
165.7,0
165.8,0
165.9,0
166.0,0
166.1,0
166.2,0
166.3,0
166.4,0
166.5,0
166.6,0
166.7,0
166.8,0
166.9,0
167.0,0
167.1,0
167.2,0
167.3,0
167.4,0
167.5,0
167.6,0
167.7,0
167.8,0
167.9,0
168.0,0
168.1,0
168.2,0
168.3,0
168.4,0
168.5,0
168.6,0
168.7,0
168.8,0
168.9,0
169.0,0
169.1,0
169.2,0
169.3,0
169.4,0
169.5,0
169.6,0
169.7,0
169.8,0
169.9,0
170.0,0
170.1,0
170.2,0
170.3,0
170.4,0
170.5,0
170.6,0
170.7,0
170.8,0
170.9,0
171.0,0
171.1,0
171.2,0
171.3,0
171.4,0
171.5,0
171.6,0
171.7,0
171.8,0
171.9,0
172.0,0
172.1,0
172.2,10444
172.3,2045
172.4,0
172.5,0
172.6,0
172.7,0
172.8,0
172.9,0
173.0,0
173.1,0
173.2,0
173.3,0
173.4,0
173.5,0
173.6,0
173.7,0
173.8,0
173.9,0
174.0,0
174.1,0
174.2,0
174.3,0
174.4,0
174.5,0
174.6,0
174.7,0
174.8,0
174.9,0
175.0,0
175.1,0
175.2,0
175.3,0
175.4,0
175.5,0
175.6,0
175.7,0
175.8,0
175.9,0
176.0,0
176.1,0
176.2,0
176.3,0
176.4,0
176.5,0
176.6,0
176.7,0
176.8,0
176.9,0
177.0,0
177.1,0
177.2,0
177.3,0
177.4,0
177.5,0
177.6,0
177.7,0
177.8,0
177.9,0
178.0,0
178.1,0
178.2,0
178.3,0
178.4,0
178.5,0
178.6,0
178.7,0
178.8,0
178.9,0
179.0,0
179.1,0
179.2,0
179.3,0
179.4,0
179.5,0
179.6,0
179.7,0
179.8,0
179.9,0
180.0,0
180.1,0
180.2,0
180.3,0
180.4,0
180.5,0
180.6,0
180.7,0
180.8,0
180.9,0
181.0,0
181.1,0
181.2,0
181.3,0
181.4,0
181.5,0
181.6,0
181.7,0
181.8,0
181.9,0
182.0,0
182.1,0
182.2,0
182.3,0
182.4,0
182.5,0
182.6,0
182.7,0
182.8,0
182.9,0
183.0,0
183.1,0
183.2,0
183.3,0
183.4,0
183.5,0
183.6,0
183.7,0
183.8,0
183.9,0
184.0,0
184.1,0
184.2,0
184.3,324
184.4,0
184.5,324
184.6,301
184.7,154
184.8,0
184.9,170
185.0,154
185.1,0
185.2,0
185.3,0
185.4,0
185.5,0
185.6,0
185.7,0
185.8,0
185.9,0
186.0,0
186.1,0
186.2,0
186.3,0
186.4,0
186.5,5244
186.6,462
186.7,0
186.8,0
186.9,324
187.0,324
187.1,0
187.2,0
187.3,0
187.4,0
187.5,0
187.6,0
187.7,0
187.8,0
187.9,0
188.0,0
188.1,0
188.2,0
188.3,0
188.4,0
188.5,0
188.6,0
188.7,0
188.8,0
188.9,0
189.0,0
189.1,0
189.2,0
189.3,276
189.4,0
189.5,0
189.6,0
189.7,0
189.8,0
189.9,0
190.0,0
190.1,0
190.2,0
190.3,0
190.4,0
190.5,0
190.6,0
190.7,0
190.8,0
190.9,375
191.0,0
191.1,0
191.2,0
191.3,0
191.4,0
191.5,0
191.6,0
191.7,0
191.8,0
191.9,0
192.0,0
192.1,0
192.2,0
192.3,0
192.4,0
192.5,0
192.6,0
192.7,0
192.8,0
192.9,0
193.0,0
193.1,1511
193.2,4229
193.3,8705
193.4,0
193.5,0
193.6,0
193.7,0
193.8,0
193.9,0
194.0,0
194.1,0
194.2,0
194.3,0
194.4,0
194.5,0
194.6,0
194.7,0
194.8,0
194.9,0
195.0,0
195.1,0
195.2,0
195.3,0
195.4,0
195.5,0
195.6,0
195.7,0
195.8,0
195.9,0
196.0,5008
196.1,154
196.2,0
196.3,0
196.4,0
196.5,0
196.6,0
196.7,0
196.8,0
196.9,0
197.0,0
197.1,0
197.2,0
197.3,0
197.4,0
197.5,0
197.6,0
197.7,0
197.8,0
197.9,0
198.0,0
198.1,0
198.2,0
198.3,0
198.4,0
198.5,0
198.6,0
198.7,0
198.8,0
198.9,0
199.0,0
199.1,0
199.2,0
199.3,0
199.4,0
199.5,0
199.6,0
199.7,0
199.8,0
199.9,0
200.0,0
200.1,0
200.2,0
200.3,0
200.4,0
200.5,0
200.6,0
200.7,0
200.8,0
200.9,0
201.0,502
201.1,0
201.2,0
201.3,0
201.4,0
201.5,0
201.6,0
201.7,0
201.8,0
201.9,0
202.0,0
202.1,0
202.2,0
202.3,0
202.4,0
202.5,0
202.6,0
202.7,0
202.8,0
202.9,0
203.0,0
203.1,0
203.2,0
203.3,0
203.4,0
203.5,0
203.6,0
203.7,0
203.8,0
203.9,0
204.0,0
204.1,0
204.2,0
204.3,0
204.4,0
204.5,0
204.6,0
204.7,0
204.8,0
204.9,0
205.0,0
205.1,0
205.2,0
205.3,0
205.4,0
205.5,0
205.6,0
205.7,0
205.8,0
205.9,0
206.0,0
206.1,0
206.2,0
206.3,0
206.4,0
206.5,0
206.6,0
206.7,0
206.8,0
206.9,0
207.0,0
207.1,0
207.2,0
207.3,0
207.4,0
207.5,0
207.6,0
207.7,0
207.8,0
207.9,0
208.0,0
208.1,0
208.2,0
208.3,0
208.4,0
208.5,0
208.6,0
208.7,0
208.8,0
208.9,0
209.0,0
209.1,0
209.2,0
209.3,0
209.4,0
209.5,0
209.6,0
209.7,0
209.8,0
209.9,0
210.0,0
210.1,0
210.2,0
210.3,0
210.4,0
210.5,0
210.6,0
210.7,0
210.8,0
210.9,0
211.0,0
211.1,0
211.2,0
211.3,0
211.4,0
211.5,0
211.6,0
211.7,0
211.8,0
211.9,0
212.0,0
212.1,0
212.2,0
212.3,0
212.4,0
212.5,0
212.6,0
212.7,0
212.8,0
212.9,0
213.0,0
213.1,0
213.2,0
213.3,0
213.4,0
213.5,0
213.6,0
213.7,0
213.8,0
213.9,0
214.0,0
214.1,0
214.2,0
214.3,0
214.4,0
214.5,0
214.6,0
214.7,0
214.8,0
214.9,0
215.0,0
215.1,0
215.2,0
215.3,0
215.4,0
215.5,0
215.6,0
215.7,0
215.8,0
215.9,0
216.0,0
216.1,0
216.2,0
216.3,0
216.4,0
216.5,0
216.6,0
216.7,0
216.8,0
216.9,0
217.0,0
217.1,0
217.2,0
217.3,0
217.4,605
217.5,199
217.6,0
217.7,0
217.8,516
217.9,0
218.0,0
218.1,0
218.2,0
218.3,0
218.4,1778
218.5,0
218.6,0
218.7,0
218.8,0
218.9,0
219.0,0
219.1,0
219.2,0
219.3,0
219.4,1079
219.5,2084
219.6,0
219.7,0
219.8,0
219.9,0
220.0,0
220.1,0
220.2,0
220.3,0
220.4,0
220.5,0
220.6,0
220.7,0
220.8,0
220.9,0
221.0,0
221.1,0
221.2,0
221.3,0
221.4,0
221.5,0
221.6,0
221.7,0
221.8,0
221.9,0
222.0,0
222.1,0
222.2,0
222.3,0
222.4,0
222.5,0
222.6,0
222.7,0
222.8,2574
222.9,0
223.0,0
223.1,0
223.2,10409
223.3,308
223.4,661
223.5,0
223.6,0
223.7,0
223.8,0
223.9,0
224.0,0
224.1,0
224.2,0
224.3,0
224.4,0
224.5,0
224.6,0
224.7,0
224.8,0
224.9,0
225.0,0
225.1,0
225.2,0
225.3,0
225.4,0
225.5,0
225.6,0
225.7,0
225.8,0
225.9,0
226.0,0
226.1,0
226.2,0
226.3,0
226.4,0
226.5,0
226.6,0
226.7,0
226.8,0
226.9,0
227.0,0
227.1,0
227.2,0
227.3,0
227.4,0
227.5,0
227.6,0
227.7,0
227.8,0
227.9,0
228.0,0
228.1,0
228.2,0
228.3,0
228.4,0
228.5,0
228.6,0
228.7,0
228.8,0
228.9,0
229.0,0
229.1,0
229.2,0
229.3,0
229.4,449
229.5,0
229.6,449
229.7,639
229.8,154
229.9,0
230.0,0
230.1,449
230.2,0
230.3,0
230.4,0
230.5,0
230.6,0
230.7,0
230.8,0
230.9,0
231.0,0
231.1,0
231.2,0
231.3,0
231.4,0
231.5,0
231.6,0
231.7,0
231.8,0
231.9,0
232.0,365
232.1,1066
232.2,625
232.3,0
232.4,0
232.5,0
232.6,0
232.7,0
232.8,0
232.9,0
233.0,0
233.1,0
233.2,0
233.3,0
233.4,0
233.5,0
233.6,0
233.7,0
233.8,0
233.9,0
234.0,0
234.1,0
234.2,0
234.3,0
234.4,0
234.5,0
234.6,0
234.7,0
234.8,0
234.9,0
235.0,0
235.1,0
235.2,0
235.3,0
235.4,0
235.5,0
235.6,0
235.7,0
235.8,0
235.9,0
236.0,18192
236.1,7040
236.2,0
236.3,0
236.4,0
236.5,0
236.6,0
236.7,0
236.8,0
236.9,0
237.0,0
237.1,0
237.2,0
237.3,0
237.4,0
237.5,0
237.6,0
237.7,0
237.8,0
237.9,0
238.0,0
238.1,0
238.2,0
238.3,0
238.4,0
238.5,0
238.6,0
238.7,0
238.8,0
238.9,0
239.0,0
239.1,0
239.2,0
239.3,0
239.4,0
239.5,0
239.6,0
239.7,0
239.8,0
239.9,0
240.0,0
240.1,0
240.2,0
240.3,0
240.4,0
240.5,0
240.6,0
240.7,0
240.8,0
240.9,0
241.0,0
241.1,0
241.2,0
241.3,0
241.4,0
241.5,0
241.6,0
241.7,0
241.8,0
241.9,0
242.0,0
242.1,0
242.2,0
242.3,0
242.4,0
242.5,0
242.6,1706
242.7,0
242.8,0
242.9,0
243.0,0
243.1,0
243.2,0
243.3,0
243.4,0
243.5,0
243.6,0
243.7,0
243.8,0
243.9,3719
244.0,1241
244.1,462
244.2,3220
244.3,0
244.4,605
244.5,2307
244.6,0
244.7,0
244.8,0
244.9,0
245.0,0
245.1,0
245.2,0
245.3,0
245.4,0
245.5,0
245.6,0
245.7,0
245.8,0
245.9,0
246.0,0
246.1,0
246.2,0
246.3,0
246.4,2426
246.5,2075
246.6,0
246.7,0
246.8,0
246.9,0
247.0,0
247.1,0
247.2,0
247.3,0
247.4,0
247.5,0
247.6,0
247.7,0
247.8,0
247.9,0
248.0,0
248.1,0
248.2,0
248.3,0
248.4,0
248.5,0
248.6,0
248.7,0
248.8,0
248.9,0
249.0,0
249.1,0
249.2,0
249.3,0
249.4,0
249.5,0
249.6,0
249.7,0
249.8,0
249.9,0
250.0,0
250.1,0
250.2,0
250.3,0
250.4,0
250.5,0
250.6,0
250.7,0
250.8,0
250.9,0
251.0,0
251.1,0
251.2,0
251.3,0
251.4,0
251.5,0
251.6,0
251.7,0
251.8,0
251.9,0
252.0,0
252.1,0
252.2,0
252.3,0
252.4,0
252.5,0
252.6,0
252.7,0
252.8,0
252.9,0
253.0,0
253.1,0
253.2,2827
253.3,4185
253.4,154
253.5,0
253.6,0
253.7,0
253.8,0
253.9,0
254.0,0
254.1,0
254.2,0
254.3,0
254.4,0
254.5,0
254.6,0
254.7,0
254.8,0
254.9,0
255.0,0
255.1,0
255.2,0
255.3,0
255.4,0
255.5,0
255.6,0
255.7,0
255.8,0
255.9,0
256.0,0
256.1,0
256.2,0
256.3,0
256.4,0
256.5,0
256.6,0
256.7,0
256.8,0
256.9,0
257.0,0
257.1,0
257.2,0
257.3,0
257.4,0
257.5,0
257.6,0
257.7,0
257.8,0
257.9,0
258.0,0
258.1,0
258.2,0
258.3,553
258.4,0
258.5,0
258.6,0
258.7,0
258.8,0
258.9,0
259.0,0
259.1,0
259.2,0
259.3,0
259.4,0
259.5,0
259.6,0
259.7,0
259.8,0
259.9,0
260.0,0
260.1,0
260.2,0
260.3,0
260.4,0
260.5,0
260.6,0
260.7,0
260.8,1776
260.9,0
261.0,461
261.1,0
261.2,0
261.3,0
261.4,0
261.5,0
261.6,0
261.7,0
261.8,0
261.9,0
262.0,0
262.1,0
262.2,0
262.3,0
262.4,0
262.5,0
262.6,0
262.7,0
262.8,0
262.9,0
263.0,0
263.1,0
263.2,0
263.3,0
263.4,0
263.5,0
263.6,0
263.7,0
263.8,0
263.9,0
264.0,0
264.1,0
264.2,0
264.3,0
264.4,0
264.5,0
264.6,0
264.7,0
264.8,0
264.9,0
265.0,0
265.1,0
265.2,0
265.3,0
265.4,0
265.5,0
265.6,0
265.7,0
265.8,0
265.9,0
266.0,0
266.1,0
266.2,0
266.3,0
266.4,0
266.5,0
266.6,0
266.7,0
266.8,0
266.9,0
267.0,0
267.1,0
267.2,0
267.3,0
267.4,0
267.5,0
267.6,0
267.7,0
267.8,0
267.9,0
268.0,0
268.1,0
268.2,0
268.3,0
268.4,0
268.5,0
268.6,0
268.7,0
268.8,0
268.9,0
0.0,0
0.1,0
0.2,0
0.3,0
0.4,0
0.5,0
0.6,0
0.7,0
0.8,0
0.9,0
1.0,15380
1.1,4354
1.2,0
1.3,3703
1.4,845
1.5,7428
1.6,30380
1.7,16710
1.8,2661
1.9,32865
2.0,43007
2.1,144473
2.2,115164
2.3,55999
2.4,1291
2.5,20195
2.6,12675
2.7,27191
2.8,1379
2.9,1607
3.0,60547
3.1,171140
3.2,200549
3.3,210945
3.4,5799
3.5,117113
3.6,10769
3.7,180539
3.8,2620
3.9,99642
4.0,129082
4.1,170947
4.2,179245
4.3,108420
4.4,8084
4.5,13147
4.6,112497
4.7,188590
4.8,138810
4.9,104521
5.0,147429
5.1,110238
5.2,122070
5.3,136325
5.4,160821
5.5,225523
5.6,212600
5.7,176564
5.8,15081
5.9,19958
6.0,155714
6.1,115129
6.2,11583
6.3,218984
6.4,173630
6.5,209347
6.6,177201
6.7,191823
6.8,243042
6.9,209858
7.0,170448
7.1,187656
7.2,189723
7.3,118304
7.4,0
7.5,0
7.6,0
7.7,0
7.8,0
7.9,0
8.0,0
8.1,0
8.2,0
8.3,0
8.4,0
8.5,0
8.6,0
8.7,0
8.8,1353
8.9,0
9.0,0
9.1,0
9.2,0
9.3,0
9.4,0
9.5,0
9.6,5359
9.7,81867
9.8,133929
9.9,215534
10.0,184419
10.1,182688
10.2,145684
10.3,202007
10.4,242873
10.5,199478
10.6,198207
10.7,195970
10.8,175998
10.9,4205
11.0,0
11.1,0
11.2,513
11.3,0
11.4,0
11.5,3833
11.6,308
11.7,0
11.8,0
11.9,0
12.0,0
12.1,4770
12.2,4882
12.3,398
12.4,0
12.5,5653
12.6,154
12.7,0
12.8,0
12.9,0
13.0,0
13.1,0
13.2,703
13.3,1015
13.4,0
13.5,0
13.6,1689
13.7,188326
13.8,124682
13.9,0
14.0,0
14.1,0
14.2,0
14.3,0
14.4,0
14.5,0
14.6,0
14.7,0
14.8,0
14.9,177263
15.0,179639
15.1,237054
15.2,283676
15.3,215089
15.4,261950
15.5,258935
15.6,39193
15.7,0
15.8,0
15.9,0
16.0,0
16.1,0
16.2,0
16.3,0
16.4,0
16.5,0
16.6,0
16.7,0
16.8,0
16.9,0
17.0,0
17.1,0
17.2,1690
17.3,212579
17.4,172124
17.5,0
17.6,0
17.7,0
17.8,0
17.9,0
18.0,0
18.1,0
18.2,0
18.3,0
18.4,0
18.5,0
18.6,0
18.7,0
18.8,0
18.9,0
19.0,0
19.1,0
19.2,0
19.3,0
19.4,0
19.5,0
19.6,0
19.7,0
19.8,0
19.9,0
20.0,0
20.1,0
20.2,0
20.3,0
20.4,0
20.5,0
20.6,0
20.7,0
20.8,0
20.9,0
21.0,0
21.1,3977
21.2,128986
21.3,112946
21.4,78066
21.5,121749
21.6,119158
21.7,132775
21.8,198324
21.9,170325
22.0,67507
22.1,125227
22.2,109600
22.3,76240
22.4,117600
22.5,94043
22.6,2168
22.7,308
22.8,0
22.9,0
23.0,0
23.1,0
23.2,0
23.3,0
23.4,0
23.5,0
23.6,1690
23.7,179010
23.8,83467
23.9,0
24.0,0
24.1,0
24.2,0
24.3,0
24.4,0
24.5,0
24.6,0
24.7,0
24.8,0
24.9,0
25.0,0
25.1,0
25.2,0
25.3,0
25.4,0
25.5,0
25.6,0
25.7,0
25.8,0
25.9,11737
26.0,159266
26.1,127532
26.2,40117
26.3,102828
26.4,157241
26.5,164715
26.6,135988
26.7,113336
26.8,159034
26.9,124058
27.0,159847
27.1,146378
27.2,66918
27.3,0
27.4,0
27.5,0
27.6,0
27.7,0
27.8,0
27.9,0
28.0,0
28.1,0
28.2,0
28.3,0
28.4,0
28.5,0
28.6,0
28.7,0
28.8,0
28.9,0
29.0,0
29.1,0
29.2,0
29.3,0
29.4,0
29.5,0
29.6,0
29.7,0
29.8,0
29.9,0
30.0,0
30.1,0
30.2,0
30.3,0
30.4,205
30.5,893
30.6,0
30.7,0
30.8,0
30.9,0
31.0,0
31.1,6669
31.2,144114
31.3,172327
31.4,183282
31.5,223676
31.6,232979
31.7,242202
31.8,258322
31.9,254993
32.0,3145
32.1,0
32.2,0
32.3,0
32.4,0
32.5,5697
32.6,1371
32.7,0
32.8,0
32.9,0
33.0,0
33.1,0
33.2,0
33.3,0
33.4,0
33.5,0
33.6,15278
33.7,142404
33.8,156967
33.9,1877
34.0,0
34.1,0
34.2,0
34.3,0
34.4,0
34.5,0
34.6,0
34.7,0
34.8,0
34.9,0
35.0,0
35.1,0
35.2,0
35.3,0
35.4,0
35.5,0
35.6,0
35.7,0
35.8,0
35.9,0
36.0,0
36.1,0
36.2,6858
36.3,240565
36.4,269440
36.5,225083
36.6,161761
36.7,154189
36.8,189098
36.9,147852
37.0,160516
37.1,172800
37.2,66695
37.3,143745
37.4,155917
37.5,110196
37.6,0
37.7,0
37.8,0
37.9,0
38.0,0
38.1,0
38.2,0
38.3,0
38.4,0
38.5,0
38.6,0
38.7,0
38.8,0
38.9,0
39.0,0
39.1,0
39.2,0
39.3,0
39.4,0
39.5,0
39.6,0
39.7,0
39.8,0
39.9,0
40.0,0
40.1,0
40.2,0
40.3,0
40.4,0
40.5,0
40.6,0
40.7,0
40.8,79601
40.9,126849
41.0,42790
41.1,0
41.2,0
41.3,0
41.4,0
41.5,3789
41.6,154
41.7,0
41.8,39545
41.9,158848
42.0,175391
42.1,254585
42.2,236151
42.3,278852
42.4,57426
42.5,0
42.6,0
42.7,0
42.8,0
42.9,0
43.0,0
43.1,0
43.2,0
43.3,0
43.4,0
43.5,0
43.6,0
43.7,0
43.8,0
43.9,1691
44.0,243339
44.1,0
44.2,0
44.3,0
44.4,0
44.5,0
44.6,0
44.7,0
44.8,0
44.9,0
45.0,0
45.1,0
45.2,0
45.3,0
45.4,0
45.5,0
45.6,0
45.7,0
45.8,1803
45.9,249
46.0,0
46.1,0
46.2,0
46.3,0
46.4,0
46.5,0
46.6,0
46.7,0
46.8,0
46.9,0
47.0,0
47.1,155252
47.2,192669
47.3,211044
47.4,259173
47.5,249064
47.6,220468
47.7,215851
47.8,225367
47.9,0
48.0,0
48.1,0
48.2,0
48.3,0
48.4,0
48.5,0
48.6,0
48.7,0
48.8,0
48.9,0
49.0,0
49.1,0
49.2,0
49.3,0
49.4,0
49.5,0
49.6,0
49.7,0
49.8,0
49.9,0
50.0,0
50.1,0
50.2,9017
50.3,197262
50.4,164101
50.5,0
50.6,0
50.7,0
50.8,0
50.9,0
51.0,0
51.1,0
51.2,0
51.3,0
51.4,0
51.5,0
51.6,0
51.7,0
51.8,1397
51.9,0
52.0,461
52.1,0
52.2,0
52.3,1693
52.4,138324
52.5,253596
52.6,219157
52.7,180419
52.8,171677
52.9,143767
53.0,107136
53.1,92015
53.2,10304
53.3,128816
53.4,72776
53.5,151076
53.6,33935
53.7,154
53.8,0
53.9,0
54.0,0
54.1,0
54.2,0
54.3,0
54.4,0
54.5,0
54.6,0
54.7,0
54.8,0
54.9,0
55.0,0
55.1,0
55.2,0
55.3,0
55.4,0
55.5,0
55.6,0
55.7,0
55.8,0
55.9,0
56.0,0
56.1,0
56.2,0
56.3,0
56.4,0
56.5,0
56.6,0
56.7,0
56.8,0
56.9,500
57.0,0
57.1,0
57.2,0
57.3,584
57.4,0
57.5,0
57.6,159517
57.7,201518
57.8,224097
57.9,223112
58.0,174202
58.1,141661
58.2,64131
58.3,147943
58.4,266295
58.5,209325
58.6,76826
58.7,0
58.8,0
58.9,0
59.0,0
59.1,0
59.2,0
59.3,0
59.4,0
59.5,0
59.6,0
59.7,0
59.8,0
59.9,0
60.0,0
60.1,0
60.2,0
60.3,0
60.4,0
60.5,0
60.6,0
60.7,3400
60.8,194581
60.9,155238
61.0,0
61.1,0
61.2,0
61.3,0
61.4,0
61.5,0
61.6,0
61.7,0
61.8,0
61.9,271
62.0,0
62.1,0
62.2,0
62.3,0
62.4,0
62.5,0
62.6,0
62.7,0
62.8,0
62.9,0
63.0,0
63.1,105201
63.2,209523
63.3,224760
63.4,179945
63.5,183775
63.6,179833
63.7,196101
63.8,276665
63.9,10221
64.0,0
64.1,0
64.2,0
64.3,0
64.4,0
64.5,0
64.6,0
64.7,0
64.8,0
64.9,0
65.0,0
65.1,0
65.2,0
65.3,0
65.4,0
65.5,0
65.6,0
65.7,0
65.8,0
65.9,0
66.0,0
66.1,0
66.2,0
66.3,0
66.4,0
66.5,0
66.6,0
66.7,0
66.8,0
66.9,0
67.0,0
67.1,0
67.2,0
67.3,0
67.4,145650
67.5,110976
67.6,0
67.7,0
67.8,0
67.9,0
68.0,0
68.1,0
68.2,0
68.3,0
68.4,29593
68.5,221998
68.6,255571
68.7,218041
68.8,240722
68.9,270855
69.0,233272
69.1,17243
69.2,0
69.3,0
69.4,0
69.5,0
69.6,0
69.7,0
69.8,0
69.9,0
70.0,0
70.1,0
70.2,0
70.3,0
70.4,0
70.5,7985
70.6,139421
70.7,121172
70.8,0
70.9,0
71.0,0
71.1,0
71.2,0
71.3,0
71.4,0
71.5,2466
71.6,2270
71.7,154
71.8,0
71.9,0
72.0,0
72.1,0
72.2,0
72.3,0
72.4,0
72.5,0
72.6,0
72.7,0
72.8,0
72.9,0
73.0,0
73.1,0
73.2,0
73.3,0
73.4,0
73.5,0
73.6,0
73.7,143963
73.8,197265
73.9,150982
74.0,154549
74.1,204373
74.2,182744
74.3,214840
74.4,210598
74.5,72878
74.6,0
74.7,0
74.8,0
74.9,0
75.0,1402
75.1,0
75.2,0
75.3,0
75.4,0
75.5,0
75.6,0
75.7,0
75.8,0
75.9,0
76.0,2094
76.1,0
76.2,0
76.3,0
76.4,0
76.5,0
76.6,0
76.7,0
76.8,0
76.9,0
77.0,0
77.1,0
77.2,1830
77.3,162224
77.4,53708
77.5,0
77.6,0
77.7,0
77.8,0
77.9,0
78.0,0
78.1,0
78.2,0
78.3,0
78.4,0
78.5,0
78.6,0
78.7,0
78.8,0
78.9,0
79.0,0
79.1,0
79.2,0
79.3,0
79.4,93554
79.5,204245
79.6,169105
79.7,200382
79.8,126180
79.9,76302
80.0,148333
80.1,97386
80.2,151608
80.3,175907
80.4,91215
80.5,149312
80.6,1845
80.7,51411
80.8,225773
80.9,38065
81.0,0
81.1,0
81.2,0
81.3,0
81.4,0
81.5,0
81.6,0
81.7,0
81.8,0
81.9,0
82.0,0
82.1,0
82.2,0
82.3,0
82.4,0
82.5,0
82.6,0
82.7,0
82.8,0
82.9,0
83.0,0
83.1,0
83.2,0
83.3,0
83.4,0
83.5,0
83.6,0
83.7,0
83.8,3263
83.9,179893
84.0,28773
84.1,0
84.2,0
84.3,0
84.4,0
84.5,0
84.6,0
84.7,584
84.8,0
84.9,17961
85.0,4991
85.1,11121
85.2,3530
85.3,0
85.4,0
85.5,0
85.6,0
85.7,0
85.8,0
85.9,0
86.0,0
86.1,0
86.2,0
86.3,0
86.4,0
86.5,0
86.6,0
86.7,0
86.8,0
86.9,0
87.0,0
87.1,0
87.2,0
87.3,0
87.4,0
87.5,0
87.6,0
87.7,0
87.8,0
87.9,0
88.0,0
88.1,0
88.2,0
88.3,0
88.4,0
88.5,0
88.6,0
88.7,0
88.8,0
88.9,0
89.0,0
89.1,0
89.2,0
89.3,0
89.4,0
89.5,0
89.6,0
89.7,0
89.8,0
89.9,0
90.0,0
90.1,0
90.2,0
90.3,0
90.4,0
90.5,0
90.6,0
90.7,0
90.8,0
90.9,0
91.0,0
91.1,0
91.2,0
91.3,0
91.4,0
91.5,0
91.6,0
91.7,0
91.8,0
91.9,0
92.0,0
92.1,0
92.2,0
92.3,0
92.4,0
92.5,0
92.6,1849
92.7,768
92.8,907
92.9,0
93.0,0
93.1,0
93.2,0
93.3,0
93.4,0
93.5,15586
93.6,3115
93.7,462
93.8,0
93.9,0
94.0,0
94.1,0
94.2,0
94.3,0
94.4,0
94.5,0
94.6,0
94.7,0
94.8,0
94.9,0
95.0,0
95.1,0
95.2,0
95.3,0
95.4,648
95.5,0
95.6,0
95.7,0
95.8,0
95.9,0
96.0,0
96.1,0
96.2,0
96.3,0
96.4,0
96.5,0
96.6,0
96.7,0
96.8,0
96.9,0
97.0,0
97.1,0
97.2,0
97.3,0
97.4,0
97.5,0
97.6,401
97.7,0
97.8,0
97.9,0
98.0,0
98.1,0
98.2,0
98.3,0
98.4,0
98.5,0
98.6,0
98.7,0
98.8,0
98.9,0
99.0,0
99.1,0
99.2,0
99.3,0
99.4,0
99.5,0
99.6,0
99.7,0
99.8,0
99.9,0
100.0,0
100.1,0
100.2,0
100.3,0
100.4,0
100.5,0
100.6,0
100.7,0
100.8,0
100.9,0
101.0,0
101.1,0
101.2,0
101.3,0
101.4,0
101.5,0
101.6,6749
101.7,154
101.8,0
101.9,0
102.0,0
102.1,0
102.2,0
102.3,295
102.4,154
102.5,0
102.6,0
102.7,0
102.8,0
102.9,0
103.0,0
103.1,0
103.2,0
103.3,0
103.4,0
103.5,0
103.6,0
103.7,0
103.8,0
103.9,0
104.0,584
104.1,0
104.2,0
104.3,0
104.4,0
104.5,0
104.6,0
104.7,0
104.8,0
104.9,0
105.0,0
105.1,0
105.2,0
105.3,0
105.4,0
105.5,0
105.6,0
105.7,0
105.8,0
105.9,0
106.0,0
106.1,0
106.2,0
106.3,0
106.4,0
106.5,0
106.6,0
106.7,0
106.8,0
106.9,0
107.0,0
107.1,0
107.2,0
107.3,0
107.4,0
107.5,0
107.6,0
107.7,0
107.8,0
107.9,0
108.0,0
108.1,0
108.2,0
108.3,0
108.4,0
108.5,0
108.6,0
108.7,0
108.8,0
108.9,0
109.0,0
109.1,0
109.2,0
109.3,0
109.4,0
109.5,0
109.6,0
109.7,0
109.8,0
109.9,0
110.0,0
110.1,0
110.2,0
110.3,0
110.4,0
110.5,0
110.6,0
110.7,0
110.8,0
110.9,0
111.0,0
111.1,0
111.2,0
111.3,0
111.4,0
111.5,0
111.6,881
111.7,2081
111.8,1217
111.9,0
112.0,444
112.1,0
112.2,0
112.3,0
112.4,0
112.5,0
112.6,0
112.7,0
112.8,0
112.9,0
113.0,0
113.1,0
113.2,0
113.3,0
113.4,0
113.5,0
113.6,0
113.7,0
113.8,0
113.9,0
114.0,0
114.1,0
114.2,0
114.3,0
114.4,0
114.5,0
114.6,0
114.7,0
114.8,0
114.9,0
115.0,0
115.1,0
115.2,211
115.3,0
115.4,0
115.5,0
115.6,0
115.7,0
115.8,0
115.9,0
116.0,0
116.1,0
116.2,0
116.3,0
116.4,0
116.5,0
116.6,0
116.7,0
116.8,0
116.9,0
117.0,0
117.1,0
117.2,0
117.3,0
117.4,0
117.5,0
117.6,0
117.7,0
117.8,0
117.9,0
118.0,0
118.1,0
118.2,0
118.3,0
118.4,0
118.5,0
118.6,0
118.7,0
118.8,0
118.9,0
119.0,0
119.1,0
119.2,0
119.3,0
119.4,0
119.5,0
119.6,0
119.7,0
119.8,0
119.9,0
120.0,0
120.1,0
120.2,0
120.3,0
120.4,0
120.5,0
120.6,0
120.7,0
120.8,0
120.9,0
121.0,0
121.1,0
121.2,0
121.3,0
121.4,0
121.5,0
121.6,0
121.7,0
121.8,0
121.9,0
122.0,0
122.1,0
122.2,0
122.3,0
122.4,0
122.5,0
122.6,0
122.7,0
122.8,0
122.9,0
123.0,0
123.1,0
123.2,0
123.3,0
123.4,0
123.5,0
123.6,0
123.7,0
123.8,0
123.9,0
124.0,0
124.1,0
124.2,0
124.3,0
124.4,0
124.5,0
124.6,0
124.7,0
124.8,0
124.9,0
125.0,0
125.1,0
125.2,0
125.3,0
125.4,0
125.5,0
125.6,0
125.7,0
125.8,0
125.9,0
126.0,0
126.1,0
126.2,0
126.3,0
126.4,0
126.5,0
126.6,0
126.7,0
126.8,0
126.9,0
127.0,0
127.1,0
127.2,0
127.3,0
127.4,0
127.5,0
127.6,0
127.7,0
127.8,0
127.9,0
128.0,0
128.1,0
128.2,0
128.3,0
128.4,0
128.5,0
128.6,0
128.7,0
128.8,39
128.9,0
129.0,0
129.1,0
129.2,0
129.3,0
129.4,0
129.5,0
129.6,0
129.7,0
129.8,0
129.9,0
130.0,0
130.1,0
130.2,0
130.3,0
130.4,0
130.5,0
130.6,0
130.7,0
130.8,0
130.9,0
131.0,0
131.1,0
131.2,0
131.3,0
131.4,0
131.5,0
131.6,0
131.7,1464
131.8,661
131.9,0
132.0,0
132.1,0
132.2,0
132.3,0
132.4,0
132.5,0
132.6,0
132.7,0
132.8,0
132.9,0
133.0,0
133.1,0
133.2,0
133.3,0
133.4,0
133.5,1898
133.6,1073
133.7,154
133.8,299
133.9,0
134.0,0
134.1,0
134.2,0
134.3,0
134.4,0
134.5,0
134.6,0
134.7,0
134.8,0
134.9,0
135.0,0
135.1,0
135.2,0
135.3,0
135.4,0
135.5,0
135.6,0
135.7,0
135.8,0
135.9,0
136.0,0
136.1,0
136.2,0
136.3,0
136.4,0
136.5,0
136.6,0
136.7,316
136.8,0
136.9,0
137.0,0
137.1,0
137.2,0
137.3,0
137.4,0
137.5,0
137.6,205
137.7,827
137.8,0
137.9,308
138.0,0
138.1,0
138.2,0
138.3,0
138.4,0
138.5,0
138.6,0
138.7,0
138.8,554
138.9,0
139.0,0
139.1,0
139.2,0
139.3,0
139.4,0
139.5,0
139.6,0
139.7,0
139.8,0
139.9,0
140.0,0
140.1,0
140.2,0
140.3,0
140.4,154
140.5,0
140.6,0
140.7,0
140.8,0
140.9,0
141.0,0
141.1,0
141.2,0
141.3,0
141.4,0
141.5,0
141.6,0
141.7,0
141.8,0
141.9,0
142.0,0
142.1,0
142.2,0
142.3,0
142.4,0
142.5,0
142.6,0
142.7,0
142.8,0
142.9,0
143.0,0
143.1,0
143.2,0
143.3,0
143.4,0
143.5,0
143.6,0
143.7,0
143.8,0
143.9,0
144.0,0
144.1,0
144.2,0
144.3,0
144.4,0
144.5,0
144.6,0
144.7,0
144.8,0
144.9,0
145.0,0
145.1,0
145.2,0
145.3,0
145.4,0
145.5,0
145.6,0
145.7,0
145.8,0
145.9,0
146.0,0
146.1,0
146.2,0
146.3,0
146.4,0
146.5,0
146.6,0
146.7,0
146.8,0
146.9,0
147.0,0
147.1,0
147.2,0
147.3,0
147.4,0
147.5,154
147.6,0
147.7,0
147.8,0
147.9,0
148.0,0
148.1,0
148.2,0
148.3,0
148.4,0
148.5,0
148.6,0
148.7,0
148.8,0
148.9,0
149.0,0
149.1,404
149.2,0
149.3,0
149.4,0
149.5,0
149.6,0
149.7,0
149.8,0
149.9,0
150.0,0
150.1,0
150.2,0
150.3,0
150.4,0
150.5,0
150.6,0
150.7,0
150.8,0
150.9,0
151.0,0
151.1,0
151.2,0
151.3,0
151.4,0
151.5,0
151.6,0
151.7,0
151.8,0
151.9,0
152.0,0
152.1,0
152.2,0
152.3,0
152.4,0
152.5,0
152.6,0
152.7,0
152.8,0
152.9,0
153.0,0
153.1,0
153.2,0
153.3,0
153.4,0
153.5,0
153.6,0
153.7,0
153.8,0
153.9,0
154.0,0
154.1,0
154.2,0
154.3,0
154.4,0
154.5,0
154.6,0
154.7,0
154.8,0
154.9,0
155.0,0
155.1,0
155.2,0
155.3,0
155.4,0
155.5,0
155.6,0
155.7,0
155.8,0
155.9,0
156.0,0
156.1,0
156.2,0
156.3,0
156.4,0
156.5,0
156.6,0
156.7,0
156.8,0
156.9,0
157.0,0
157.1,0
157.2,0
157.3,0
157.4,0
157.5,0
157.6,0
157.7,0
157.8,0
157.9,0
158.0,0
158.1,0
158.2,0
158.3,0
158.4,0
158.5,0
158.6,0
158.7,0
158.8,0
158.9,0
159.0,0
159.1,0
159.2,0
159.3,0
159.4,0
159.5,0
159.6,0
159.7,0
159.8,0
159.9,0
160.0,0
160.1,0
160.2,0
160.3,977
160.4,0
160.5,0
160.6,0
160.7,0
160.8,0
160.9,0
161.0,0
161.1,0
161.2,0
161.3,0
161.4,0
161.5,0
161.6,4673
161.7,154
161.8,0
161.9,0
162.0,0
162.1,0
162.2,0
162.3,0
162.4,0
162.5,0
162.6,0
162.7,0
162.8,0
162.9,0
163.0,0
163.1,0
163.2,0
163.3,1028
163.4,0
163.5,0
163.6,0
163.7,0
163.8,0
163.9,0
164.0,0
164.1,0
164.2,0
164.3,0
164.4,0
164.5,0
164.6,0
164.7,0
164.8,0
164.9,0
165.0,0
165.1,0
165.2,0
165.3,2317
165.4,0
165.5,0
165.6,0
165.7,0
165.8,0
165.9,0
166.0,0
166.1,0
166.2,0
166.3,0
166.4,0
166.5,0
166.6,0
166.7,0
166.8,0
166.9,0
167.0,0
167.1,0
167.2,0
167.3,0
167.4,0
167.5,0
167.6,0
167.7,0
167.8,0
167.9,0
168.0,0
168.1,0
168.2,0
168.3,0
168.4,0
168.5,0
168.6,0
168.7,0
168.8,0
168.9,0
169.0,0
169.1,0
169.2,0
169.3,0
169.4,0
169.5,0
169.6,0
169.7,0
169.8,0
169.9,0
170.0,0
170.1,0
170.2,0
170.3,0
170.4,0
170.5,0
170.6,0
170.7,0
170.8,0
170.9,0
171.0,0
171.1,0
171.2,0
171.3,0
171.4,0
171.5,0
171.6,0
171.7,0
171.8,0
171.9,0
172.0,0
172.1,0
172.2,0
172.3,0
172.4,0
172.5,0
172.6,0
172.7,0
172.8,0
172.9,0
173.0,0
173.1,0
173.2,0
173.3,0
173.4,0
173.5,2884
173.6,1459
173.7,0
173.8,0
173.9,0
174.0,0
174.1,0
174.2,0
174.3,0
174.4,0
174.5,0
174.6,0
174.7,0
174.8,0
174.9,0
175.0,0
175.1,0
175.2,0
175.3,0
175.4,0
175.5,0
175.6,0
175.7,0
175.8,0
175.9,0
176.0,0
176.1,0
176.2,0
176.3,0
176.4,0
176.5,0
176.6,0
176.7,0
176.8,0
176.9,0
177.0,0
177.1,0
177.2,0
177.3,0
177.4,0
177.5,0
177.6,0
177.7,0
177.8,0
177.9,0
178.0,0
178.1,0
178.2,0
178.3,0
178.4,0
178.5,0
178.6,0
178.7,0
178.8,0
178.9,0
179.0,0
179.1,0
179.2,0
179.3,0
179.4,0
179.5,0
179.6,0
179.7,0
179.8,0
179.9,0
180.0,0
180.1,0
180.2,0
180.3,0
180.4,0
180.5,0
180.6,0
180.7,0
180.8,0
180.9,0
181.0,0
181.1,0
181.2,0
181.3,0
181.4,0
181.5,0
181.6,0
181.7,0
181.8,0
181.9,0
182.0,0
182.1,0
182.2,2482
182.3,4076
182.4,154
182.5,0
182.6,0
182.7,0
182.8,449
182.9,0
183.0,2167
183.1,0
183.2,0
183.3,0
183.4,0
183.5,0
183.6,0
183.7,0
183.8,0
183.9,0
184.0,0
184.1,4588
184.2,5108
184.3,154
184.4,0
184.5,0
184.6,0
184.7,0
184.8,0
184.9,0
185.0,0
185.1,0
185.2,0
185.3,0
185.4,0
185.5,1327
185.6,154
185.7,0
185.8,0
185.9,0
186.0,0
186.1,0
186.2,0
186.3,0
186.4,0
186.5,0
186.6,0
186.7,0
186.8,0
186.9,0
187.0,0
187.1,0
187.2,0
187.3,651
187.4,0
187.5,0
187.6,0
187.7,0
187.8,0
187.9,0
188.0,0
188.1,410
188.2,211
188.3,0
188.4,0
188.5,0
188.6,0
188.7,0
188.8,1967
188.9,0
189.0,0
189.1,0
189.2,0
189.3,0
189.4,0
189.5,0
189.6,0
189.7,0
189.8,0
189.9,0
190.0,0
190.1,0
190.2,0
190.3,0
190.4,0
190.5,0
190.6,0
190.7,0
190.8,0
190.9,0
191.0,0
191.1,0
191.2,0
191.3,0
191.4,0
191.5,0
191.6,6431
191.7,7257
191.8,154
191.9,0
192.0,0
192.1,0
192.2,0
192.3,0
192.4,0
192.5,0
192.6,625
192.7,0
192.8,0
192.9,0
193.0,0
193.1,0
193.2,0
193.3,0
193.4,0
193.5,0
193.6,0
193.7,0
193.8,317
193.9,260
194.0,0
194.1,0
194.2,0
194.3,0
194.4,0
194.5,0
194.6,0
194.7,0
194.8,0
194.9,0
195.0,0
195.1,0
195.2,0
195.3,0
195.4,0
195.5,0
195.6,0
195.7,0
195.8,0
195.9,0
196.0,0
196.1,0
196.2,0
196.3,0
196.4,0
196.5,0
196.6,0
196.7,0
196.8,0
196.9,0
197.0,0
197.1,0
197.2,0
197.3,0
197.4,0
197.5,0
197.6,0
197.7,0
197.8,0
197.9,0
198.0,0
198.1,0
198.2,0
198.3,0
198.4,0
198.5,0
198.6,0
198.7,0
198.8,0
198.9,0
199.0,0
199.1,0
199.2,0
199.3,0
199.4,0
199.5,1832
199.6,0
199.7,0
199.8,0
199.9,0
200.0,0
200.1,0
200.2,0
200.3,0
200.4,0
200.5,1248
200.6,0
200.7,0
200.8,0
200.9,0
201.0,0
201.1,0
201.2,0
201.3,0
201.4,0
201.5,1372
201.6,1765
201.7,0
201.8,0
201.9,0
202.0,0
202.1,0
202.2,0
202.3,0
202.4,0
202.5,0
202.6,0
202.7,0
202.8,0
202.9,0
203.0,0
203.1,0
203.2,0
203.3,0
203.4,0
203.5,0
203.6,0
203.7,0
203.8,0
203.9,0
204.0,0
204.1,0
204.2,0
204.3,0
204.4,0
204.5,0
204.6,0
204.7,0
204.8,0
204.9,0
205.0,0
205.1,0
205.2,0
205.3,0
205.4,0
205.5,0
205.6,0
205.7,0
205.8,0
205.9,0
206.0,0
206.1,0
206.2,0
206.3,0
206.4,0
206.5,0
206.6,0
206.7,0
206.8,0
206.9,0
207.0,0
207.1,0
207.2,0
207.3,0
207.4,0
207.5,0
207.6,0
207.7,0
207.8,0
207.9,0
208.0,0
208.1,0
208.2,0
208.3,0
208.4,0
208.5,0
208.6,0
208.7,0
208.8,0
208.9,0
209.0,0
209.1,0
209.2,0
209.3,0
209.4,0
209.5,0
209.6,0
209.7,0
209.8,0
209.9,0
210.0,0
210.1,0
210.2,0
210.3,0
210.4,0
210.5,0
210.6,0
210.7,0
210.8,0
210.9,0
211.0,0
211.1,0
211.2,0
211.3,0
211.4,0
211.5,0
211.6,0
211.7,0
211.8,0
211.9,0
212.0,0
212.1,0
212.2,0
212.3,0
212.4,0
212.5,0
212.6,0
212.7,0
212.8,0
212.9,0
213.0,0
213.1,0
213.2,0
213.3,0
213.4,0
213.5,13903
213.6,1321
213.7,0
213.8,0
213.9,0
214.0,0
214.1,0
214.2,0
214.3,0
214.4,0
214.5,0
214.6,0
214.7,0
214.8,0
214.9,0
215.0,0
215.1,0
215.2,0
215.3,0
215.4,0
215.5,0
215.6,0
215.7,0
215.8,0
215.9,0
216.0,0
216.1,0
216.2,0
216.3,0
216.4,0
216.5,0
216.6,0
216.7,0
216.8,0
216.9,0
217.0,0
217.1,0
217.2,0
217.3,416
217.4,0
217.5,0
217.6,0
217.7,0
217.8,0
217.9,0
218.0,0
218.1,0
218.2,0
218.3,0
218.4,0
218.5,789
218.6,0
218.7,0
218.8,0
218.9,1072
219.0,1311
219.1,1206
219.2,554
219.3,0
219.4,0
219.5,0
219.6,0
219.7,0
219.8,0
219.9,0
220.0,0
220.1,0
220.2,0
220.3,0
220.4,0
220.5,0
220.6,0
220.7,0
220.8,0
220.9,0
221.0,0
221.1,0
221.2,0
221.3,0
221.4,0
221.5,0
221.6,0
221.7,25993
221.8,4232
221.9,0
222.0,0
222.1,0
222.2,0
222.3,0
222.4,0
222.5,0
222.6,0
222.7,0
222.8,0
222.9,0
223.0,0
223.1,0
223.2,0
223.3,0
223.4,0
223.5,0
223.6,0
223.7,0
223.8,0
223.9,0
224.0,0
224.1,0
224.2,0
224.3,0
224.4,0
224.5,0
224.6,0
224.7,0
224.8,0
224.9,0
225.0,0
225.1,0
225.2,0
225.3,0
225.4,0
225.5,0
225.6,0
225.7,0
225.8,0
225.9,0
226.0,0
226.1,0
226.2,0
226.3,0
226.4,0
226.5,0
226.6,0
226.7,0
226.8,0
226.9,0
227.0,0
227.1,0
227.2,0
227.3,0
227.4,0
227.5,0
227.6,0
227.7,0
227.8,0
227.9,211
228.0,154
228.1,1024
228.2,462
228.3,0
228.4,0
228.5,0
228.6,0
228.7,0
228.8,0
228.9,0
229.0,0
229.1,0
229.2,0
229.3,0
229.4,0
229.5,0
229.6,0
229.7,0
229.8,0
229.9,0
230.0,0
230.1,0
230.2,0
230.3,0
230.4,0
230.5,0
230.6,0
230.7,365
230.8,0
230.9,0
231.0,0
231.1,0
231.2,0
231.3,0
231.4,0
231.5,0
231.6,0
231.7,0
231.8,0
231.9,0
232.0,0
232.1,0
232.2,0
232.3,0
232.4,0
232.5,0
232.6,0
232.7,0
232.8,0
232.9,0
233.0,0
233.1,0
233.2,0
233.3,0
233.4,0
233.5,0
233.6,0
233.7,0
233.8,0
233.9,0
234.0,0
234.1,0
234.2,0
234.3,0
234.4,0
234.5,0
234.6,0
234.7,0
234.8,0
234.9,0
235.0,0
235.1,0
235.2,0
235.3,0
235.4,0
235.5,0
235.6,0
235.7,0
235.8,0
235.9,0
236.0,0
236.1,0
236.2,0
236.3,0
236.4,0
236.5,0
236.6,0
236.7,0
236.8,0
236.9,0
237.0,0
237.1,0
237.2,0
237.3,0
237.4,0
237.5,0
237.6,0
237.7,1145
237.8,0
237.9,0
238.0,0
238.1,0
238.2,0
238.3,0
238.4,0
238.5,0
238.6,0
238.7,0
238.8,0
238.9,0
239.0,0
239.1,0
239.2,0
239.3,0
239.4,0
239.5,0
239.6,0
239.7,0
239.8,0
239.9,0
240.0,0
240.1,0
240.2,0
240.3,0
240.4,0
240.5,0
240.6,0
240.7,0
240.8,0
240.9,0
241.0,0
241.1,0
241.2,0
241.3,0
241.4,0
241.5,0
241.6,0
241.7,0
241.8,0
241.9,0
242.0,0
242.1,0
242.2,0
242.3,1773
242.4,154
242.5,0
242.6,4787
242.7,553
242.8,0
242.9,0
243.0,0
243.1,0
243.2,0
243.3,0
243.4,0
243.5,0
243.6,0
243.7,0
243.8,0
243.9,0
244.0,0
244.1,0
244.2,0
244.3,0
244.4,0
244.5,0
244.6,0
244.7,0
244.8,0
244.9,1578
245.0,0
245.1,0
245.2,0
245.3,0
245.4,0
245.5,0
245.6,0
245.7,0
245.8,416
245.9,0
246.0,0
246.1,0
246.2,0
246.3,0
246.4,0
246.5,0
246.6,0
246.7,0
246.8,0
246.9,0
247.0,0
247.1,0
247.2,0
247.3,0
247.4,0
247.5,0
247.6,0
247.7,0
247.8,0
247.9,0
248.0,0
248.1,0
248.2,0
248.3,0
248.4,0
248.5,0
248.6,0
248.7,0
248.8,5624
248.9,1591
249.0,0
249.1,0
249.2,0
249.3,0
249.4,0
249.5,0
249.6,0
249.7,0
249.8,0
249.9,0
250.0,0
250.1,0
250.2,0
250.3,0
250.4,0
250.5,0
250.6,0
250.7,0
250.8,0
250.9,0
251.0,0
251.1,0
251.2,0
251.3,0
251.4,0
251.5,0
251.6,0
251.7,33447
251.8,8415
251.9,154
252.0,0
252.1,0
252.2,1672
252.3,154
252.4,0
252.5,0
252.6,0
252.7,0
252.8,0
252.9,0
253.0,0
253.1,0
253.2,0
253.3,0
253.4,0
253.5,8857
253.6,1911
253.7,0
253.8,513
253.9,1521
254.0,130
254.1,0
254.2,0
254.3,0
254.4,0
254.5,0
254.6,0
254.7,0
254.8,0
254.9,0
255.0,0
255.1,0
255.2,0
255.3,0
255.4,0
255.5,0
255.6,0
255.7,0
255.8,0
255.9,0
256.0,0
256.1,0
256.2,0
256.3,0
256.4,0
256.5,0
256.6,0
256.7,0
256.8,0
256.9,0
257.0,0
257.1,0
257.2,0
257.3,0
257.4,0
257.5,0
257.6,0
257.7,0
257.8,0
257.9,0
258.0,0
258.1,0
258.2,0
258.3,0
258.4,0
258.5,0
258.6,0
258.7,0
258.8,0
258.9,0
259.0,0
259.1,0
259.2,0
259.3,0
259.4,0
259.5,0
259.6,0
259.7,0
259.8,0
259.9,0
260.0,0
260.1,0
260.2,0
260.3,0
260.4,0
260.5,0
260.6,0
260.7,0
260.8,0
260.9,0
261.0,0
261.1,0
261.2,0
261.3,0
261.4,0
261.5,0
261.6,0
261.7,0
261.8,0
261.9,0
262.0,0
262.1,0
262.2,721
262.3,0
262.4,0
262.5,0
262.6,0
262.7,0
262.8,0
262.9,0
263.0,0
263.1,0
263.2,0
263.3,1589
263.4,0
263.5,0
263.6,0
263.7,0
263.8,0
263.9,0
264.0,0
264.1,0
264.2,0
264.3,3833
264.4,368
264.5,0
264.6,0
264.7,0
264.8,0
264.9,0
265.0,0
265.1,0
265.2,0
265.3,0
265.4,0
265.5,0
265.6,0
265.7,0
265.8,0
265.9,0
266.0,0
266.1,0
266.2,0
266.3,0
266.4,0
266.5,0
266.6,0
266.7,0
266.8,0
266.9,0
267.0,0
267.1,0
267.2,0
267.3,1749
267.4,0
267.5,0
267.6,0
267.7,0
267.8,0
267.9,0
268.0,0
268.1,0
268.2,0
268.3,0
268.4,0
268.5,0
268.6,0
268.7,0
268.8,0
268.9,0
269.0,0
269.1,0
269.2,0
269.3,0
269.4,0
269.5,0
269.6,0
269.7,0
269.8,0
269.9,1456
270.0,0
270.1,0
270.2,0
270.3,0
270.4,0
270.5,0
270.6,0
270.7,0
270.8,0
270.9,0
271.0,0
271.1,0
271.2,0
271.3,0
271.4,0
271.5,0
271.6,0
271.7,0
271.8,0
271.9,0
272.0,0
272.1,0
272.2,0
272.3,0
272.4,0
272.5,0
272.6,0
272.7,0
272.8,0
272.9,0
273.0,0
273.1,0
273.2,0
273.3,0
273.4,0
273.5,0
273.6,0
273.7,0
273.8,0
273.9,0
274.0,0
274.1,0
274.2,0
274.3,0
274.4,0
274.5,0
274.6,0
274.7,0
274.8,0
274.9,0
275.0,0
275.1,0
275.2,0
275.3,0
275.4,0
275.5,0
275.6,0
275.7,0
275.8,0
275.9,0
276.0,0
276.1,0
276.2,0
276.3,0
276.4,0
276.5,0
276.6,0
276.7,0
276.8,0
276.9,0
277.0,0
277.1,0
277.2,0
277.3,0
277.4,0
277.5,0
277.6,0
277.7,0
277.8,0
277.9,0
278.0,0
278.1,0
278.2,0
278.3,0
278.4,0
278.5,0
278.6,0
278.7,0
278.8,0
278.9,0
279.0,0
279.1,0
279.2,0
279.3,0
279.4,0
279.5,0
279.6,0
279.7,0
279.8,0
279.9,0
0.0,0
0.1,0
0.2,0
0.3,0
0.4,7948
0.5,2028
0.6,0
0.7,4054
0.8,3100
0.9,12224
1.0,27523
1.1,8776
1.2,2411
1.3,38557
1.4,150135
1.5,41738
1.6,8048
1.7,0
1.8,4561
1.9,12854
2.0,1657
2.1,1783
2.2,8334
2.3,120230
2.4,201776
2.5,13196
2.6,1685
2.7,86851
2.8,1736
2.9,43196
3.0,131989
3.1,725
3.2,171554
3.3,169326
3.4,277894
3.5,256671
3.6,73330
3.7,168351
3.8,119078
3.9,155202
4.0,248574
4.1,130236
4.2,102469
4.3,114703
4.4,35877
4.5,205989
4.6,146331
4.7,157931
4.8,217745
4.9,173582
5.0,122466
5.1,0
5.2,0
5.3,0
5.4,0
5.5,0
5.6,0
5.7,0
5.8,0
5.9,0
6.0,0
6.1,0
6.2,0
6.3,0
6.4,37063
6.5,115176
6.6,85242
6.7,69063
6.8,61318
6.9,0
7.0,0
7.1,0
7.2,0
7.3,0
7.4,0
7.5,0
7.6,0
7.7,721
7.8,0
7.9,0
8.0,0
8.1,0
8.2,0
8.3,0
8.4,0
8.5,0
8.6,0
8.7,0
8.8,0
8.9,0
9.0,0
9.1,32190
9.2,136709
9.3,168937
9.4,135937
9.5,157968
9.6,175948
9.7,253733
9.8,8145
9.9,0
10.0,0
10.1,0
10.2,0
10.3,0
10.4,0
10.5,0
10.6,0
10.7,0
10.8,7312
10.9,1353
11.0,0
11.1,0
11.2,0
11.3,0
11.4,3822
11.5,431
11.6,0
11.7,0
11.8,0
11.9,0
12.0,0
12.1,0
12.2,0
12.3,0
12.4,0
12.5,0
12.6,0
12.7,0
12.8,0
12.9,0
13.0,0
13.1,0
13.2,0
13.3,0
13.4,100754
13.5,146821
13.6,0
13.7,0
13.8,0
13.9,0
14.0,0
14.1,0
14.2,0
14.3,0
14.4,0
14.5,0
14.6,25056
14.7,228887
14.8,285127
14.9,161887
15.0,154
15.1,0
15.2,0
15.3,0
15.4,0
15.5,0
15.6,0
15.7,0
15.8,0
15.9,0
16.0,0
16.1,0
16.2,0
16.3,0
16.4,0
16.5,0
16.6,0
16.7,0
16.8,680
16.9,170724
17.0,73283
17.1,0
17.2,0
17.3,0
17.4,0
17.5,0
17.6,0
17.7,0
17.8,0
17.9,0
18.0,0
18.1,0
18.2,0
18.3,0
18.4,0
18.5,0
18.6,0
18.7,0
18.8,0
18.9,0
19.0,0
19.1,0
19.2,0
19.3,0
19.4,0
19.5,0
19.6,0
19.7,0
19.8,0
19.9,0
20.0,0
20.1,102
20.2,214516
20.3,177474
20.4,294303
20.5,221407
20.6,61792
20.7,0
20.8,0
20.9,0
21.0,0
21.1,0
21.2,0
21.3,0
21.4,0
21.5,0
21.6,0
21.7,0
21.8,0
21.9,0
22.0,0
22.1,0
22.2,0
22.3,0
22.4,0
22.5,0
22.6,0
22.7,0
22.8,0
22.9,0
23.0,0
23.1,0
23.2,0
23.3,0
23.4,0
23.5,0
23.6,8878
23.7,193868
23.8,44195
23.9,0
24.0,0
24.1,0
24.2,0
24.3,0
24.4,0
24.5,0
24.6,3427
24.7,184605
24.8,212474
24.9,225002
25.0,167078
25.1,154
25.2,0
25.3,0
25.4,0
25.5,0
25.6,0
25.7,0
25.8,0
25.9,0
26.0,0
26.1,3427
26.2,231150
26.3,295
26.4,0
26.5,0
26.6,0
26.7,0
26.8,0
26.9,0
27.0,0
27.1,0
27.2,0
27.3,0
27.4,0
27.5,0
27.6,0
27.7,0
27.8,0
27.9,0
28.0,0
28.1,0
28.2,0
28.3,0
28.4,0
28.5,0
28.6,130
28.7,271
28.8,676
28.9,2933
29.0,0
29.1,0
29.2,0
29.3,0
29.4,0
29.5,0
29.6,47894
29.7,188325
29.8,0
29.9,0
30.0,0
30.1,0
30.2,0
30.3,0
30.4,0
30.5,0
30.6,0
30.7,0
30.8,0
30.9,30569
31.0,164444
31.1,263075
31.2,245313
31.3,166183
31.4,140921
31.5,170279
31.6,114578
31.7,154598
31.8,182076
31.9,0
32.0,0
32.1,0
32.2,0
32.3,0
32.4,0
32.5,0
32.6,0
32.7,0
32.8,0
32.9,0
33.0,0
33.1,0
33.2,0
33.3,0
33.4,0
33.5,0
33.6,44427
33.7,202666
33.8,1357
33.9,1164
34.0,390
34.1,0
34.2,0
34.3,0
34.4,0
34.5,0
34.6,0
34.7,0
34.8,0
34.9,0
35.0,0
35.1,0
35.2,375
35.3,0
35.4,209
35.5,0
35.6,0
35.7,0
35.8,0
35.9,0
36.0,0
36.1,8587
36.2,199287
36.3,234916
36.4,184462
36.5,160930
36.6,129693
36.7,172666
36.8,23505
36.9,0
37.0,0
37.1,0
37.2,0
37.3,0
37.4,0
37.5,0
37.6,0
37.7,0
37.8,0
37.9,0
38.0,0
38.1,0
38.2,0
38.3,0
38.4,0
38.5,0
38.6,0
38.7,0
38.8,0
38.9,0
39.0,0
39.1,0
39.2,0
39.3,0
39.4,0
39.5,0
39.6,0
39.7,0
39.8,0
39.9,201455
40.0,33777
40.1,0
40.2,0
40.3,0
40.4,0
40.5,0
40.6,0
40.7,0
40.8,5173
40.9,2053
41.0,0
41.1,163404
41.2,221745
41.3,256514
41.4,40407
41.5,0
41.6,0
41.7,0
41.8,0
41.9,0
42.0,0
42.1,0
42.2,0
42.3,0
42.4,0
42.5,0
42.6,0
42.7,0
42.8,0
42.9,0
43.0,0
43.1,56288
43.2,199048
43.3,0
43.4,0
43.5,0
43.6,0
43.7,0
43.8,0
43.9,0
44.0,0
44.1,0
44.2,0
44.3,0
44.4,0
44.5,0
44.6,0
44.7,0
44.8,0
44.9,0
45.0,705
45.1,619
45.2,0
45.3,0
45.4,0
45.5,0
45.6,0
45.7,0
45.8,0
45.9,0
46.0,0
46.1,1026
46.2,0
46.3,104570
46.4,175733
46.5,219458
46.6,209562
46.7,243360
46.8,195144
46.9,86302
47.0,201472
47.1,57526
47.2,43524
47.3,86139
47.4,110102
47.5,116800
47.6,0
47.7,0
47.8,0
47.9,0
48.0,0
48.1,0
48.2,0
48.3,0
48.4,0
48.5,0
48.6,0
48.7,0
48.8,0
48.9,0
49.0,0
49.1,0
49.2,0
49.3,0
49.4,911
49.5,116411
49.6,92051
49.7,0
49.8,2859
49.9,2764
50.0,0
50.1,1041
50.2,0
50.3,0
50.4,0
50.5,0
50.6,0
50.7,0
50.8,0
50.9,0
51.0,0
51.1,0
51.2,0
51.3,0
51.4,0
51.5,0
51.6,130308
51.7,127093
51.8,186172
51.9,170881
52.0,83011
52.1,76343
52.2,50981
52.3,0
52.4,0
52.5,0
52.6,0
52.7,0
52.8,0
52.9,0
53.0,0
53.1,0
53.2,0
53.3,0
53.4,0
53.5,0
53.6,9051
53.7,96276
53.8,120054
53.9,71259
54.0,0
54.1,0
54.2,0
54.3,0
54.4,0
54.5,0
54.6,0
54.7,0
54.8,0
54.9,0
55.0,0
55.1,0
55.2,0
55.3,0
55.4,0
55.5,0
55.6,0
55.7,0
55.8,0
55.9,0
56.0,0
56.1,0
56.2,0
56.3,0
56.4,0
56.5,1022
56.6,0
56.7,0
56.8,41558
56.9,198853
57.0,172956
57.1,229958
57.2,173626
57.3,210934
57.4,24900
57.5,0
57.6,0
57.7,0
57.8,0
57.9,0
58.0,0
58.1,0
58.2,0
58.3,0
58.4,0
58.5,0
58.6,0
58.7,0
58.8,0
58.9,0
59.0,0
59.1,0
59.2,0
59.3,0
59.4,0
59.5,0
59.6,0
59.7,0
59.8,0
59.9,0
60.0,181181
60.1,59283
60.2,0
60.3,0
60.4,0
60.5,0
60.6,0
60.7,0
60.8,0
60.9,0
61.0,0
61.1,0
61.2,0
61.3,0
61.4,0
61.5,0
61.6,0
61.7,0
61.8,0
61.9,0
62.0,0
62.1,120659
62.2,187803
62.3,163739
62.4,184235
62.5,0
62.6,0
62.7,0
62.8,0
62.9,0
63.0,0
63.1,57695
63.2,157344
63.3,0
63.4,0
63.5,0
63.6,0
63.7,0
63.8,0
63.9,0
64.0,0
64.1,0
64.2,0
64.3,0
64.4,0
64.5,0
64.6,0
64.7,0
64.8,0
64.9,0
65.0,0
65.1,0
65.2,0
65.3,0
65.4,0
65.5,0
65.6,0
65.7,0
65.8,0
65.9,0
66.0,0
66.1,0
66.2,0
66.3,103357
66.4,93304
66.5,0
66.6,0
66.7,0
66.8,0
66.9,0
67.0,0
67.1,0
67.2,0
67.3,0
67.4,0
67.5,0
67.6,0
67.7,0
67.8,0
67.9,0
68.0,0
68.1,0
68.2,0
68.3,0
68.4,144918
68.5,332278
68.6,239324
68.7,0
68.8,0
68.9,0
69.0,0
69.1,840
69.2,0
69.3,0
69.4,10398
69.5,855
69.6,6033
69.7,1319
69.8,1912
69.9,961
70.0,1967
70.1,22418
70.2,108389
70.3,61526
70.4,120824
70.5,49742
70.6,66197
70.7,0
70.8,2465
70.9,2296
71.0,154
71.1,0
71.2,0
71.3,401
71.4,0
71.5,0
71.6,0
71.7,0
71.8,0
71.9,0
72.0,0
72.1,0
72.2,0
72.3,0
72.4,0
72.5,0
72.6,0
72.7,0
72.8,0
72.9,0
73.0,0
73.1,0
73.2,0
73.3,0
73.4,0
73.5,0
73.6,37454
73.7,140511
73.8,242949
73.9,218580
74.0,173751
74.1,148805
74.2,0
74.3,0
74.4,0
74.5,0
74.6,0
74.7,0
74.8,0
74.9,0
75.0,0
75.1,0
75.2,0
75.3,0
75.4,0
75.5,0
75.6,0
75.7,0
75.8,0
75.9,0
76.0,0
76.1,0
76.2,0
76.3,0
76.4,0
76.5,0
76.6,0
76.7,0
76.8,141375
76.9,105922
77.0,1045
77.1,0
77.2,0
77.3,0
77.4,0
77.5,0
77.6,0
77.7,0
77.8,0
77.9,0
78.0,0
78.1,0
78.2,0
78.3,0
78.4,0
78.5,0
78.6,0
78.7,0
78.8,0
78.9,40554
79.0,227078
79.1,199948
79.2,170876
79.3,140272
79.4,211068
79.5,0
79.6,0
79.7,0
79.8,0
79.9,0
80.0,0
80.1,0
80.2,0
80.3,0
80.4,0
80.5,0
80.6,0
80.7,0
80.8,0
80.9,0
81.0,0
81.1,0
81.2,0
81.3,0
81.4,0
81.5,0
81.6,0
81.7,0
81.8,0
81.9,0
82.0,0
82.1,0
82.2,0
82.3,0
82.4,0
82.5,0
82.6,0
82.7,0
82.8,0
82.9,0
83.0,0
83.1,0
83.2,0
83.3,0
83.4,105610
83.5,155199
83.6,230572
83.7,225262
83.8,249691
83.9,31217
84.0,0
84.1,0
84.2,0
84.3,0
84.4,0
84.5,0
84.6,0
84.7,0
84.8,0
84.9,0
85.0,0
85.1,0
85.2,0
85.3,0
85.4,0
85.5,0
85.6,0
85.7,0
85.8,0
85.9,0
86.0,0
86.1,0
86.2,0
86.3,0
86.4,0
86.5,0
86.6,0
86.7,0
86.8,0
86.9,6484
87.0,13188
87.1,0
87.2,0
87.3,0
87.4,0
87.5,0
87.6,0
87.7,0
87.8,0
87.9,0
88.0,0
88.1,0
88.2,0
88.3,0
88.4,0
88.5,0
88.6,0
88.7,0
88.8,0
88.9,2096
89.0,67480
89.1,166444
89.2,0
89.3,0
89.4,0
89.5,0
89.6,0
89.7,0
89.8,0
89.9,6026
90.0,154
90.1,0
90.2,0
90.3,0
90.4,0
90.5,0
90.6,0
90.7,0
90.8,0
90.9,0
91.0,0
91.1,0
91.2,0
91.3,0
91.4,0
91.5,0
91.6,0
91.7,0
91.8,0
91.9,401
92.0,234
92.1,3373
92.2,0
92.3,0
92.4,688
92.5,154
92.6,0
92.7,0
92.8,0
92.9,0
93.0,0
93.1,0
93.2,0
93.3,0
93.4,0
93.5,0
93.6,0
93.7,0
93.8,0
93.9,541
94.0,260
94.1,0
94.2,0
94.3,0
94.4,0
94.5,449
94.6,0
94.7,0
94.8,0
94.9,0
95.0,0
95.1,0
95.2,0
95.3,0
95.4,0
95.5,0
95.6,1728
95.7,2471
95.8,0
95.9,0
96.0,0
96.1,0
96.2,0
96.3,0
96.4,0
96.5,0
96.6,0
96.7,0
96.8,0
96.9,0
97.0,0
97.1,0
97.2,0
97.3,0
97.4,0
97.5,0
97.6,0
97.7,0
97.8,0
97.9,0
98.0,0
98.1,0
98.2,0
98.3,0
98.4,0
98.5,0
98.6,0
98.7,0
98.8,0
98.9,0
99.0,0
99.1,0
99.2,0
99.3,0
99.4,0
99.5,0
99.6,0
99.7,0
99.8,0
99.9,0
100.0,0
100.1,0
100.2,0
100.3,0
100.4,0
100.5,0
100.6,0
100.7,0
100.8,0
100.9,4866
101.0,154
101.1,0
101.2,0
101.3,0
101.4,0
101.5,1820
101.6,625
101.7,0
101.8,0
101.9,0
102.0,0
102.1,0
102.2,0
102.3,0
102.4,0
102.5,0
102.6,0
102.7,0
102.8,0
102.9,0
103.0,0
103.1,0
103.2,0
103.3,0
103.4,0
103.5,0
103.6,0
103.7,0
103.8,0
103.9,0
104.0,0
104.1,0
104.2,0
104.3,0
104.4,0
104.5,0
104.6,0
104.7,0
104.8,0
104.9,0
105.0,0
105.1,0
105.2,0
105.3,0
105.4,0
105.5,0
105.6,0
105.7,0
105.8,0
105.9,0
106.0,0
106.1,0
106.2,0
106.3,0
106.4,0
106.5,0
106.6,0
106.7,0
106.8,0
106.9,0
107.0,0
107.1,0
107.2,0
107.3,0
107.4,0
107.5,0
107.6,0
107.7,0
107.8,889
107.9,0
108.0,0
108.1,0
108.2,0
108.3,0
108.4,0
108.5,0
108.6,0
108.7,0
108.8,770
108.9,942
109.0,0
109.1,0
109.2,0
109.3,0
109.4,0
109.5,0
109.6,0
109.7,0
109.8,0
109.9,1819
110.0,0
110.1,0
110.2,0
110.3,0
110.4,0
110.5,0
110.6,0
110.7,0
110.8,0
110.9,0
111.0,0
111.1,0
111.2,0
111.3,0
111.4,0
111.5,0
111.6,0
111.7,0
111.8,0
111.9,0
112.0,0
112.1,0
112.2,0
112.3,0
112.4,0
112.5,0
112.6,0
112.7,0
112.8,401
112.9,0
113.0,0
113.1,0
113.2,0
113.3,0
113.4,0
113.5,154
113.6,211
113.7,0
113.8,0
113.9,0
114.0,0
114.1,0
114.2,0
114.3,0
114.4,0
114.5,0
114.6,0
114.7,0
114.8,0
114.9,0
115.0,0
115.1,0
115.2,0
115.3,0
115.4,0
115.5,0
115.6,0
115.7,0
115.8,0
115.9,0
116.0,0
116.1,0
116.2,0
116.3,0
116.4,0
116.5,0
116.6,0
116.7,0
116.8,0
116.9,0
117.0,0
117.1,0
117.2,0
117.3,0
117.4,0
117.5,0
117.6,0
117.7,0
117.8,0
117.9,0
118.0,0
118.1,0
118.2,0
118.3,0
118.4,0
118.5,0
118.6,0
118.7,0
118.8,0
118.9,0
119.0,0
119.1,0
119.2,365
119.3,0
119.4,0
119.5,0
119.6,0
119.7,0
119.8,0
119.9,0
120.0,0
120.1,0
120.2,0
120.3,0
120.4,0
120.5,0
120.6,0
120.7,205
120.8,211
120.9,0
121.0,0
121.1,0
121.2,0
121.3,0
121.4,0
121.5,0
121.6,0
121.7,0
121.8,0
121.9,0
122.0,0
122.1,0
122.2,0
122.3,0
122.4,0
122.5,0
122.6,0
122.7,0
122.8,0
122.9,0
123.0,0
123.1,0
123.2,0
123.3,0
123.4,0
123.5,0
123.6,0
123.7,0
123.8,0
123.9,0
124.0,0
124.1,0
124.2,0
124.3,0
124.4,0
124.5,0
124.6,0
124.7,0
124.8,0
124.9,0
125.0,0
125.1,0
125.2,0
125.3,0
125.4,0
125.5,0
125.6,0
125.7,0
125.8,0
125.9,0
126.0,0
126.1,0
126.2,0
126.3,0
126.4,0
126.5,0
126.6,0
126.7,0
126.8,0
126.9,0
127.0,0
127.1,0
127.2,0
127.3,0
127.4,0
127.5,0
127.6,0
127.7,0
127.8,0
127.9,0
128.0,0
128.1,0
128.2,0
128.3,0
128.4,0
128.5,0
128.6,0
128.7,0
128.8,0
128.9,0
129.0,0
129.1,0
129.2,0
129.3,0
129.4,0
129.5,0
129.6,0
129.7,0
129.8,3393
129.9,3300
130.0,0
130.1,0
130.2,0
130.3,0
130.4,0
130.5,0
130.6,0
130.7,0
130.8,0
130.9,6292
131.0,398
131.1,0
131.2,0
131.3,0
131.4,0
131.5,0
131.6,0
131.7,0
131.8,0
131.9,0
132.0,0
132.1,0
132.2,0
132.3,0
132.4,0
132.5,0
132.6,0
132.7,0
132.8,0
132.9,0
133.0,0
133.1,0
133.2,0
133.3,0
133.4,0
133.5,0
133.6,0
133.7,0
133.8,0
133.9,0
134.0,0
134.1,0
134.2,0
134.3,0
134.4,0
134.5,0
134.6,0
134.7,0
134.8,0
134.9,1261
135.0,0
135.1,0
135.2,0
135.3,0
135.4,0
135.5,0
135.6,0
135.7,0
135.8,0
135.9,0
136.0,0
136.1,0
136.2,0
136.3,0
136.4,0
136.5,0
136.6,0
136.7,0
136.8,0
136.9,0
137.0,0
137.1,2814
137.2,1145
137.3,0
137.4,0
137.5,211
137.6,308
137.7,0
137.8,0
137.9,0
138.0,0
138.1,0
138.2,0
138.3,0
138.4,0
138.5,0
138.6,0
138.7,0
138.8,0
138.9,0
139.0,0
139.1,0
139.2,0
139.3,0
139.4,0
139.5,0
139.6,365
139.7,0
139.8,0
139.9,0
140.0,0
140.1,0
140.2,0
140.3,0
140.4,0
140.5,0
140.6,0
140.7,0
140.8,0
140.9,0
141.0,0
141.1,0
141.2,0
141.3,0
141.4,0
141.5,0
141.6,0
141.7,0
141.8,0
141.9,0
142.0,0
142.1,0
142.2,0
142.3,0
142.4,0
142.5,0
142.6,0
142.7,0
142.8,0
142.9,0
143.0,0
143.1,0
143.2,0
143.3,0
143.4,0
143.5,0
143.6,0
143.7,0
143.8,0
143.9,0
144.0,0
144.1,0
144.2,0
144.3,0
144.4,0
144.5,0
144.6,0
144.7,0
144.8,0
144.9,0
145.0,0
145.1,0
145.2,0
145.3,0
145.4,0
145.5,0
145.6,0
145.7,0
145.8,0
145.9,0
146.0,0
146.1,0
146.2,0
146.3,0
146.4,0
146.5,0
146.6,211
146.7,211
146.8,0
146.9,0
147.0,0
147.1,0
147.2,0
147.3,0
147.4,0
147.5,0
147.6,0
147.7,0
147.8,0
147.9,0
148.0,0
148.1,0
148.2,0
148.3,0
148.4,0
148.5,0
148.6,0
148.7,0
148.8,0
148.9,3645
149.0,0
149.1,4087
149.2,0
149.3,146
149.4,0
149.5,0
149.6,0
149.7,0
149.8,0
149.9,6550
150.0,0
150.1,907
150.2,0
150.3,0
150.4,0
150.5,0
150.6,0
150.7,0
150.8,0
150.9,0
151.0,0
151.1,0
151.2,0
151.3,0
151.4,0
151.5,0
151.6,0
151.7,0
151.8,0
151.9,0
152.0,0
152.1,0
152.2,0
152.3,0
152.4,0
152.5,0
152.6,0
152.7,0
152.8,0
152.9,0
153.0,2259
153.1,0
153.2,446
153.3,0
153.4,0
153.5,0
153.6,0
153.7,0
153.8,0
153.9,0
154.0,0
154.1,0
154.2,0
154.3,0
154.4,0
154.5,0
154.6,0
154.7,0
154.8,0
154.9,0
155.0,0
155.1,0
155.2,0
155.3,0
155.4,0
155.5,0
155.6,0
155.7,0
155.8,0
155.9,0
156.0,0
156.1,0
156.2,0
156.3,0
156.4,0
156.5,0
156.6,0
156.7,0
156.8,0
156.9,0
157.0,0
157.1,0
157.2,0
157.3,0
157.4,0
157.5,0
157.6,0
157.7,0
157.8,0
157.9,0
158.0,0
158.1,0
158.2,0
158.3,0
158.4,0
158.5,0
158.6,1805
158.7,142
158.8,0
158.9,0
159.0,0
159.1,0
159.2,0
159.3,0
159.4,0
159.5,0
159.6,0
159.7,0
159.8,0
159.9,0
160.0,0
160.1,0
160.2,0
160.3,0
160.4,0
160.5,0
160.6,0
160.7,0
160.8,0
160.9,14261
161.0,4846
161.1,0
161.2,0
161.3,0
161.4,0
161.5,0
161.6,0
161.7,0
161.8,0
161.9,0
162.0,0
162.1,0
162.2,0
162.3,0
162.4,0
162.5,0
162.6,0
162.7,0
162.8,0
162.9,0
163.0,0
163.1,0
163.2,0
163.3,0
163.4,0
163.5,0
163.6,0
163.7,837
163.8,0
163.9,0
164.0,0
164.1,0
164.2,0
164.3,2104
164.4,0
164.5,0
164.6,0
164.7,0
164.8,0
164.9,0
165.0,0
165.1,0
165.2,0
165.3,0
165.4,0
165.5,0
165.6,0
165.7,0
165.8,0
165.9,0
166.0,0
166.1,0
166.2,0
166.3,0
166.4,0
166.5,0
166.6,0
166.7,0
166.8,0
166.9,0
167.0,0
167.1,0
167.2,0
167.3,0
167.4,0
167.5,0
167.6,0
167.7,0
167.8,0
167.9,0
168.0,0
168.1,0
168.2,0
168.3,0
168.4,0
168.5,0
168.6,0
168.7,0
168.8,0
168.9,0
169.0,0
169.1,0
169.2,0
169.3,1831
169.4,0
169.5,0
169.6,0
169.7,0
169.8,12027
169.9,1991
170.0,0
170.1,0
170.2,0
170.3,0
170.4,0
170.5,0
170.6,1305
170.7,0
170.8,0
170.9,0
171.0,0
171.1,0
171.2,0
171.3,0
171.4,0
171.5,0
171.6,1597
171.7,429
171.8,0
171.9,0
172.0,0
172.1,0
172.2,0
172.3,0
172.4,0
172.5,0
172.6,0
172.7,2818
172.8,0
172.9,0
173.0,0
173.1,0
173.2,0
173.3,416
173.4,0
173.5,0
173.6,0
173.7,0
173.8,0
173.9,0
174.0,0
174.1,0
174.2,0
174.3,0
174.4,0
174.5,0
174.6,0
174.7,0
174.8,0
174.9,0
175.0,0
175.1,0
175.2,0
175.3,0
175.4,0
175.5,0
175.6,0
175.7,0
175.8,0
175.9,0
176.0,0
176.1,0
176.2,0
176.3,0
176.4,0
176.5,0
176.6,0
176.7,0
176.8,0
176.9,0
177.0,0
177.1,0
177.2,0
177.3,0
177.4,0
177.5,0
177.6,0
177.7,0
177.8,0
177.9,0
178.0,0
178.1,0
178.2,0
178.3,0
178.4,0
178.5,0
178.6,0
178.7,0
178.8,0
178.9,0
179.0,0
179.1,0
179.2,0
179.3,0
179.4,0
179.5,0
179.6,0
179.7,0
179.8,0
179.9,0
180.0,0
180.1,0
180.2,0
180.3,0
180.4,0
180.5,0
180.6,0
180.7,0
180.8,0
180.9,0
181.0,0
181.1,0
181.2,0
181.3,0
181.4,0
181.5,0
181.6,0
181.7,0
181.8,0
181.9,0
182.0,0
182.1,0
182.2,3974
182.3,301
182.4,1025
182.5,0
182.6,0
182.7,772
182.8,0
182.9,0
183.0,0
183.1,0
183.2,0
183.3,0
183.4,5607
183.5,154
183.6,0
183.7,0
183.8,0
183.9,0
184.0,0
184.1,0
184.2,0
184.3,0
184.4,0
184.5,0
184.6,0
184.7,211
184.8,154
184.9,0
185.0,0
185.1,0
185.2,0
185.3,0
185.4,0
185.5,0
185.6,0
185.7,0
185.8,0
185.9,0
186.0,0
186.1,0
186.2,0
186.3,0
186.4,0
186.5,0
186.6,0
186.7,0
186.8,0
186.9,0
187.0,0
187.1,0
187.2,0
187.3,0
187.4,0
187.5,0
187.6,0
187.7,0
187.8,0
187.9,0
188.0,0
188.1,0
188.2,0
188.3,0
188.4,0
188.5,0
188.6,0
188.7,0
188.8,0
188.9,0
189.0,0
189.1,0
189.2,0
189.3,0
189.4,0
189.5,0
189.6,0
189.7,0
189.8,0
189.9,0
190.0,0
190.1,0
190.2,0
190.3,0
190.4,0
190.5,0
190.6,0
190.7,0
190.8,0
190.9,8892
191.0,13631
191.1,154
191.2,0
191.3,0
191.4,0
191.5,0
191.6,0
191.7,0
191.8,365
191.9,0
192.0,0
192.1,0
192.2,0
192.3,0
192.4,0
192.5,0
192.6,0
192.7,0
192.8,0
192.9,0
193.0,0
193.1,0
193.2,0
193.3,0
193.4,0
193.5,0
193.6,0
193.7,0
193.8,0
193.9,0
194.0,0
194.1,0
194.2,0
194.3,0
194.4,0
194.5,0
194.6,0
194.7,0
194.8,0
194.9,0
195.0,0
195.1,0
195.2,0
195.3,0
195.4,0
195.5,0
195.6,0
195.7,0
195.8,0
195.9,0
196.0,0
196.1,0
196.2,0
196.3,0
196.4,0
196.5,0
196.6,0
196.7,0
196.8,0
196.9,0
197.0,0
197.1,0
197.2,11254
197.3,398
197.4,0
197.5,0
197.6,0
197.7,0
197.8,0
197.9,0
198.0,0
198.1,0
198.2,0
198.3,0
198.4,0
198.5,0
198.6,0
198.7,0
198.8,0
198.9,0
199.0,0
199.1,0
199.2,0
199.3,0
199.4,0
199.5,0
199.6,0
199.7,0
199.8,0
199.9,0
200.0,0
200.1,0
200.2,0
200.3,621
200.4,0
200.5,0
200.6,0
200.7,0
200.8,0
200.9,0
201.0,0
201.1,0
201.2,0
201.3,0
201.4,0
201.5,0
201.6,0
201.7,0
201.8,0
201.9,0
202.0,0
202.1,0
202.2,0
202.3,0
202.4,0
202.5,0
202.6,0
202.7,0
202.8,0
202.9,0
203.0,0
203.1,0
203.2,0
203.3,0
203.4,0
203.5,0
203.6,0
203.7,0
203.8,0
203.9,0
204.0,0
204.1,0
204.2,0
204.3,0
204.4,0
204.5,0
204.6,0
204.7,0
204.8,0
204.9,0
205.0,0
205.1,0
205.2,0
205.3,789
205.4,0
205.5,0
205.6,0
205.7,0
205.8,0
205.9,0
206.0,0
206.1,0
206.2,0
206.3,0
206.4,0
206.5,0
206.6,0
206.7,0
206.8,0
206.9,0
207.0,0
207.1,0
207.2,0
207.3,0
207.4,0
207.5,0
207.6,0
207.7,0
207.8,0
207.9,0
208.0,0
208.1,0
208.2,0
208.3,0
208.4,0
208.5,0
208.6,0
208.7,0
208.8,0
208.9,0
209.0,0
209.1,0
209.2,0
209.3,0
209.4,0
209.5,0
209.6,0
209.7,0
209.8,35314
209.9,7447
210.0,154
210.1,461
210.2,0
210.3,0
210.4,0
210.5,0
210.6,0
210.7,0
210.8,0
210.9,0
211.0,0
211.1,0
211.2,0
211.3,0
211.4,0
211.5,0
211.6,0
211.7,0
211.8,0
211.9,0
212.0,0
212.1,0
212.2,0
212.3,0
212.4,0
212.5,0
212.6,0
212.7,0
212.8,0
212.9,0
213.0,0
213.1,0
213.2,0
213.3,0
213.4,0
213.5,0
213.6,0
213.7,0
213.8,0
213.9,0
214.0,0
214.1,0
214.2,0
214.3,0
214.4,0
214.5,0
214.6,0
214.7,0
214.8,0
214.9,0
215.0,0
215.1,0
215.2,0
215.3,0
215.4,0
215.5,0
215.6,0
215.7,0
215.8,0
215.9,0
216.0,0
216.1,0
216.2,0
216.3,0
216.4,0
216.5,0
216.6,0
216.7,0
216.8,0
216.9,0
217.0,0
217.1,0
217.2,0
217.3,0
217.4,0
217.5,0
217.6,0
217.7,0
217.8,0
217.9,0
218.0,0
218.1,0
218.2,0
218.3,0
218.4,0
218.5,0
218.6,0
218.7,0
218.8,0
218.9,0
219.0,0
219.1,0
219.2,0
219.3,0
219.4,0
219.5,0
219.6,0
219.7,0
219.8,0
219.9,0
220.0,0
220.1,0
220.2,0
220.3,0
220.4,0
220.5,0
220.6,0
220.7,0
220.8,0
220.9,0
221.0,5771
221.1,154
221.2,0
221.3,0
221.4,0
221.5,0
221.6,0
221.7,0
221.8,0
221.9,0
222.0,0
222.1,0
222.2,0
222.3,0
222.4,0
222.5,0
222.6,0
222.7,0
222.8,0
222.9,0
223.0,0
223.1,0
223.2,0
223.3,0
223.4,0
223.5,0
223.6,0
223.7,0
223.8,0
223.9,0
224.0,0
224.1,0
224.2,0
224.3,0
224.4,0
224.5,0
224.6,0
224.7,0
224.8,0
224.9,0
225.0,0
225.1,0
225.2,0
225.3,0
225.4,0
225.5,0
225.6,0
225.7,0
225.8,0
225.9,0
226.0,580
226.1,0
226.2,0
226.3,0
226.4,0
226.5,0
226.6,0
226.7,0
226.8,0
226.9,0
227.0,0
227.1,0
227.2,0
227.3,910
227.4,0
227.5,478
227.6,0
227.7,0
227.8,324
227.9,0
228.0,0
228.1,0
228.2,0
228.3,0
228.4,0
228.5,0
228.6,0
228.7,0
228.8,0
228.9,0
229.0,0
229.1,0
229.2,0
229.3,0
229.4,0
229.5,0
229.6,0
229.7,0
229.8,0
229.9,324
230.0,0
230.1,0
230.2,0
230.3,0
230.4,0
230.5,0
230.6,0
230.7,0
230.8,0
230.9,0
231.0,0
231.1,0
231.2,0
231.3,0
231.4,0
231.5,0
231.6,0
231.7,0
231.8,0
231.9,0
232.0,0
232.1,0
232.2,0
232.3,0
232.4,0
232.5,0
232.6,0
232.7,0
232.8,0
232.9,0
233.0,0
233.1,0
233.2,0
233.3,0
233.4,388
233.5,0
233.6,0
233.7,0
233.8,0
233.9,0
234.0,0
234.1,0
234.2,0
234.3,0
234.4,590
234.5,186
234.6,0
234.7,0
234.8,0
234.9,0
235.0,0
235.1,0
235.2,0
235.3,0
235.4,0
235.5,1521
235.6,0
235.7,0
235.8,0
235.9,0
236.0,0
236.1,0
236.2,0
236.3,0
236.4,0
236.5,0
236.6,0
236.7,0
236.8,0
236.9,940
237.0,0
237.1,0
237.2,0
237.3,0
237.4,0
237.5,0
237.6,0
237.7,0
237.8,0
237.9,0
238.0,0
238.1,0
238.2,0
238.3,0
238.4,0
238.5,0
238.6,0
238.7,0
238.8,360
238.9,0
239.0,1323
239.1,0
239.2,0
239.3,0
239.4,0
239.5,0
239.6,0
239.7,0
239.8,0
239.9,0
240.0,0
240.1,0
240.2,0
240.3,0
240.4,0
240.5,0
240.6,0
240.7,0
240.8,0
240.9,0
241.0,0
241.1,0
241.2,0
241.3,0
241.4,0
241.5,0
241.6,1414
241.7,0
241.8,1414
241.9,0
242.0,1540
242.1,0
242.2,0
242.3,1557
242.4,0
242.5,0
242.6,0
242.7,0
242.8,0
242.9,0
243.0,0
243.1,0
243.2,0
243.3,0
243.4,0
243.5,0
243.6,0
243.7,0
243.8,0
243.9,0
244.0,0
244.1,0
244.2,0
244.3,1875
244.4,0
244.5,0
244.6,0
244.7,0
244.8,0
244.9,0
245.0,0
245.1,0
245.2,0
245.3,0
245.4,0
245.5,0
245.6,0
245.7,0
245.8,0
245.9,0
246.0,0
246.1,0
246.2,0
246.3,0
246.4,0
246.5,0
246.6,276
246.7,0
246.8,0
246.9,0
247.0,0
247.1,0
247.2,0
247.3,0
247.4,0
247.5,0
247.6,0
247.7,0
247.8,0
247.9,0
248.0,0
248.1,0
248.2,0
248.3,0
248.4,0
248.5,0
248.6,0
248.7,0
248.8,0
248.9,0
249.0,0
249.1,0
249.2,0
249.3,0
249.4,0
249.5,0
249.6,0
249.7,0
249.8,3393
249.9,1102
250.0,0
250.1,0
250.2,0
250.3,0
250.4,0
250.5,0
250.6,0
250.7,0
250.8,0
250.9,0
251.0,3575
251.1,154
251.2,0
251.3,0
251.4,0
251.5,1414
251.6,0
251.7,0
251.8,0
251.9,0
252.0,0
252.1,0
252.2,0
252.3,0
252.4,0
252.5,0
252.6,0
252.7,0
252.8,0
252.9,0
253.0,0
253.1,1090
253.2,4990
253.3,4171
253.4,6250
253.5,4318
253.6,2547
253.7,0
253.8,0
253.9,0
254.0,0
254.1,0
254.2,0
254.3,0
254.4,0
254.5,0
254.6,0
254.7,0
254.8,0
254.9,0
255.0,0
255.1,0
255.2,0
255.3,0
255.4,0
255.5,0
255.6,0
255.7,0
255.8,0
255.9,0
256.0,0
256.1,0
256.2,0
256.3,0
256.4,0
256.5,0
256.6,0
256.7,0
256.8,0
256.9,0
257.0,0
257.1,0
257.2,0
257.3,0
257.4,0
257.5,0
257.6,0
257.7,0
257.8,0
257.9,0
258.0,0
258.1,0
258.2,0
258.3,0
258.4,0
258.5,0
258.6,0
258.7,0
258.8,0
258.9,0
259.0,0
259.1,0
259.2,0
259.3,0
259.4,0
259.5,0
259.6,0
259.7,0
259.8,0
259.9,0
260.0,0
260.1,0
260.2,0
260.3,0
260.4,0
260.5,0
260.6,0
260.7,0
260.8,0
260.9,0
261.0,0
261.1,0
261.2,0
261.3,0
261.4,0
261.5,0
261.6,0
261.7,0
261.8,0
261.9,0
262.0,0
262.1,0
262.2,0
262.3,0
262.4,0
262.5,0
262.6,0
262.7,0
262.8,0
262.9,0
263.0,0
263.1,0
263.2,0
263.3,0
263.4,0
263.5,0
263.6,0
263.7,0
263.8,0
263.9,0
264.0,0
264.1,0
264.2,0
264.3,0
264.4,0
264.5,0
264.6,0
264.7,0
264.8,0
264.9,0
265.0,0
265.1,0
265.2,0
265.3,0
265.4,0
265.5,0
265.6,0
265.7,0
265.8,0
265.9,0
266.0,0
266.1,0
266.2,0
266.3,0
266.4,0
266.5,0
266.6,0
266.7,0
266.8,0
266.9,0
267.0,0
267.1,0
267.2,0
267.3,0
267.4,0
267.5,0
267.6,0
267.7,0
267.8,0
267.9,0
268.0,0
268.1,0
268.2,0
268.3,0
268.4,0
268.5,0
268.6,0
268.7,0
268.8,0
268.9,0
269.0,0
269.1,0
269.2,0
269.3,0
269.4,0
269.5,0
269.6,0
269.7,0
269.8,0
269.9,502
270.0,0
270.1,461
270.2,0
270.3,0
270.4,0
270.5,0
270.6,0
270.7,0
270.8,0
270.9,0
271.0,0
271.1,0
271.2,0
271.3,0
271.4,0
271.5,0
271.6,0
271.7,0
271.8,0
271.9,0
272.0,0
272.1,0
272.2,0
272.3,0
272.4,0
272.5,0
272.6,0
272.7,0
272.8,0
272.9,0
273.0,0
273.1,0
273.2,0
273.3,0
273.4,0
273.5,0
273.6,0
273.7,0
273.8,0
273.9,0
274.0,0
274.1,0
274.2,0
274.3,0
274.4,0
274.5,0
274.6,0
274.7,0
274.8,0
274.9,0
275.0,0
275.1,0
275.2,0
275.3,0
275.4,0
275.5,0
275.6,0
275.7,0
275.8,0
275.9,0
276.0,0
276.1,0
276.2,0
276.3,0
276.4,0
276.5,0
276.6,0
276.7,0
276.8,0
276.9,0
277.0,0
277.1,0
277.2,0
277.3,0
277.4,0
277.5,0
277.6,0
277.7,0
277.8,0
277.9,0
278.0,0
278.1,0
278.2,0
278.3,0
278.4,0
278.5,0
278.6,990
278.7,0
278.8,0
278.9,0
279.0,0
279.1,0
279.2,0
279.3,0
279.4,0
279.5,0
279.6,0
279.7,0
279.8,0
279.9,0
280.0,0
280.1,0
280.2,0
280.3,0
280.4,0
280.5,0
280.6,0
280.7,0
280.8,0
280.9,0
281.0,4187
281.1,154
281.2,0
281.3,0
281.4,0
281.5,0
281.6,0
281.7,0
281.8,0
281.9,0
282.0,0
282.1,0
282.2,0
282.3,0
282.4,0
282.5,0
282.6,0
282.7,0
282.8,0
282.9,0
283.0,0
283.1,0
283.2,0
283.3,0
283.4,0
283.5,0
283.6,0
283.7,0
283.8,0
283.9,0
284.0,0
284.1,0
284.2,0
284.3,0
284.4,0
284.5,0
284.6,0
284.7,0
284.8,0
284.9,0
285.0,0
285.1,0
285.2,0
285.3,0
285.4,0
285.5,0
285.6,0
285.7,0
285.8,0
285.9,0
286.0,276
286.1,0
286.2,0
286.3,0
286.4,0
286.5,0
286.6,0
286.7,0
286.8,0
286.9,0
287.0,0
287.1,0
287.2,0
287.3,0
287.4,0
287.5,0
287.6,0
287.7,0
287.8,0
287.9,0
288.0,0
288.1,0
288.2,0
288.3,0
288.4,0
288.5,0
288.6,0
288.7,0
288.8,0
288.9,0
289.0,0
289.1,0
289.2,0
289.3,0
289.4,0
289.5,0
289.6,0
289.7,0
289.8,3157
289.9,1572
290.0,0
290.1,0
290.2,0
290.3,0
290.4,0
290.5,0
290.6,0
290.7,0
290.8,0
290.9,0
291.0,0
291.1,0
291.2,0
291.3,0
291.4,0
291.5,0
291.6,0
291.7,0
291.8,0
291.9,0
292.0,0
292.1,0
292.2,0
292.3,0
292.4,0
292.5,0
292.6,0
292.7,0
292.8,0
292.9,0
293.0,0
293.1,0
293.2,0
293.3,0
293.4,0
293.5,0
293.6,0
293.7,0
293.8,0
293.9,0
294.0,0
294.1,0
294.2,0
294.3,0
294.4,0
294.5,0
294.6,0
294.7,0
294.8,0
294.9,0
0.0,0
0.1,0
0.2,0
0.3,0
0.4,0
0.5,0
0.6,0
0.7,0
0.8,0
0.9,0
1.0,0
1.1,0
1.2,8339
1.3,308
1.4,3405
1.5,1458
1.6,5778
1.7,22846
1.8,14176
1.9,351
2.0,16944
2.1,39446
2.2,178564
2.3,165501
2.4,168057
2.5,263863
2.6,108893
2.7,182710
2.8,105637
2.9,6359
3.0,208777
3.1,191750
3.2,114565
3.3,164658
3.4,243354
3.5,27917
3.6,148341
3.7,167102
3.8,209259
3.9,178475
4.0,213566
4.1,223835
4.2,197105
4.3,195962
4.4,231816
4.5,260892
4.6,138195
4.7,166586
4.8,100726
4.9,194398
5.0,222987
5.1,177143
5.2,225819
5.3,123029
5.4,212945
5.5,247689
5.6,227929
5.7,147983
5.8,184526
5.9,255446
6.0,237547
6.1,224931
6.2,218379
6.3,219325
6.4,182364
6.5,223519
6.6,186411
6.7,142215
6.8,175402
6.9,101251
7.0,85088
7.1,101595
7.2,128560
7.3,90534
7.4,189899
7.5,157609
7.6,215341
7.7,209793
7.8,84749
7.9,155461
8.0,214558
8.1,225020
8.2,199583
8.3,182367
8.4,595
8.5,0
8.6,0
8.7,0
8.8,531
8.9,1869
9.0,0
9.1,0
9.2,0
9.3,0
9.4,0
9.5,12956
9.6,46912
9.7,89410
9.8,165321
9.9,70220
10.0,0
10.1,0
10.2,0
10.3,0
10.4,0
10.5,0
10.6,0
10.7,0
10.8,0
10.9,844
11.0,5841
11.1,172482
11.2,195773
11.3,226116
11.4,220296
11.5,209352
11.6,195695
11.7,197017
11.8,249491
11.9,47424
12.0,0
12.1,0
12.2,0
12.3,0
12.4,0
12.5,29696
12.6,195253
12.7,88207
12.8,0
12.9,0
13.0,0
13.1,0
13.2,0
13.3,0
13.4,0
13.5,0
13.6,0
13.7,0
13.8,0
13.9,0
14.0,0
14.1,0
14.2,0
14.3,0
14.4,0
14.5,0
14.6,0
14.7,0
14.8,120016
14.9,170387
15.0,234913
15.1,252823
15.2,183738
15.3,223551
15.4,92086
15.5,109603
15.6,108372
15.7,1703
15.8,154
15.9,202909
16.0,94212
16.1,0
16.2,0
16.3,0
16.4,0
16.5,0
16.6,7457
16.7,2040
16.8,0
16.9,0
17.0,0
17.1,0
17.2,0
17.3,0
17.4,152732
17.5,221269
17.6,221581
17.7,221089
17.8,248162
17.9,211380
18.0,163003
18.1,196066
18.2,1495
18.3,0
18.4,0
18.5,0
18.6,0
18.7,0
18.8,0
18.9,0
19.0,0
19.1,0
19.2,0
19.3,0
19.4,0
19.5,0
19.6,0
19.7,0
19.8,112912
19.9,135186
20.0,0
20.1,0
20.2,0
20.3,0
20.4,0
20.5,0
20.6,0
20.7,0
20.8,0
20.9,0
21.0,36120
21.1,277144
21.2,214891
21.3,273829
21.4,214019
21.5,239720
21.6,238206
21.7,10758
21.8,0
21.9,0
22.0,0
22.1,0
22.2,0
22.3,0
22.4,0
22.5,29487
22.6,251530
22.7,28058
22.8,0
22.9,0
23.0,0
23.1,0
23.2,0
23.3,0
23.4,0
23.5,0
23.6,0
23.7,0
23.8,0
23.9,0
24.0,0
24.1,0
24.2,0
24.3,0
24.4,0
24.5,0
24.6,0
24.7,0
24.8,0
24.9,0
25.0,1704
25.1,167844
25.2,299758
25.3,208458
25.4,240817
25.5,248875
25.6,240437
25.7,192615
25.8,5109
25.9,110871
26.0,131867
26.1,471
26.2,0
26.3,0
26.4,0
26.5,0
26.6,18788
26.7,9118
26.8,10167
26.9,7337
27.0,1121
27.1,0
27.2,0
27.3,0
27.4,0
27.5,0
27.6,0
27.7,0
27.8,0
27.9,0
28.0,0
28.1,0
28.2,0
28.3,0
28.4,0
28.5,0
28.6,0
28.7,0
28.8,0
28.9,0
29.0,0
29.1,0
29.2,0
29.3,101089
29.4,189746
29.5,204116
29.6,198632
29.7,195331
29.8,143258
29.9,210932
30.0,147405
30.1,186295
30.2,595
30.3,0
30.4,401
30.5,0
30.6,0
30.7,0
30.8,0
30.9,0
31.0,0
31.1,0
31.2,0
31.3,0
31.4,0
31.5,0
31.6,0
31.7,0
31.8,0
31.9,0
32.0,1706
32.1,169832
32.2,182738
32.3,192781
32.4,190503
32.5,212804
32.6,196623
32.7,180871
32.8,128162
32.9,104821
33.0,149974
33.1,56316
33.2,0
33.3,0
33.4,0
33.5,0
33.6,0
33.7,0
33.8,0
33.9,0
34.0,0
34.1,0
34.2,0
34.3,0
34.4,0
34.5,0
34.6,0
34.7,0
34.8,0
34.9,1331
35.0,0
35.1,461
35.2,0
35.3,0
35.4,0
35.5,0
35.6,0
35.7,0
35.8,0
35.9,0
36.0,0
36.1,0
36.2,0
36.3,138251
36.4,257197
36.5,199861
36.6,256801
36.7,232720
36.8,267862
36.9,194908
37.0,150540
37.1,197028
37.2,6829
37.3,0
37.4,0
37.5,0
37.6,0
37.7,0
37.8,0
37.9,0
38.0,500
38.1,0
38.2,0
38.3,0
38.4,0
38.5,0
38.6,0
38.7,0
38.8,0
38.9,0
39.0,0
39.1,0
39.2,0
39.3,0
39.4,8414
39.5,189339
39.6,223027
39.7,185870
39.8,258992
39.9,244827
40.0,200453
40.1,240516
40.2,193862
40.3,151503
40.4,82449
40.5,0
40.6,0
40.7,0
40.8,0
40.9,0
41.0,0
41.1,0
41.2,0
41.3,0
41.4,0
41.5,0
41.6,2620
41.7,2635
41.8,0
41.9,0
42.0,0
42.1,0
42.2,0
42.3,0
42.4,0
42.5,0
42.6,45679
42.7,192545
42.8,223151
42.9,228587
43.0,296693
43.1,168348
43.2,259420
43.3,167739
43.4,177159
43.5,42209
43.6,0
43.7,0
43.8,0
43.9,0
44.0,0
44.1,0
44.2,0
44.3,0
44.4,0
44.5,0
44.6,0
44.7,0
44.8,0
44.9,0
45.0,0
45.1,0
45.2,0
45.3,0
45.4,0
45.5,0
45.6,0
45.7,3340
45.8,193077
45.9,207686
46.0,196460
46.1,230971
46.2,224856
46.3,204733
46.4,156045
46.5,164185
46.6,214036
46.7,56072
46.8,0
46.9,0
47.0,0
47.1,0
47.2,0
47.3,0
47.4,0
47.5,0
47.6,0
47.7,0
47.8,449
47.9,0
48.0,0
48.1,0
48.2,0
48.3,0
48.4,0
48.5,0
48.6,0
48.7,211
48.8,154
48.9,0
49.0,0
49.1,0
49.2,0
49.3,0
49.4,0
49.5,0
49.6,0
49.7,0
49.8,0
49.9,15559
50.0,99609
50.1,225598
50.2,222643
50.3,157986
50.4,180118
50.5,52928
50.6,154
50.7,0
50.8,60273
50.9,178121
51.0,151649
51.1,165437
51.2,193914
51.3,160516
51.4,76367
51.5,77130
51.6,82826
51.7,89969
51.8,71623
51.9,58536
52.0,41009
52.1,57352
52.2,77014
52.3,36003
52.4,49513
52.5,39419
52.6,27656
52.7,31351
52.8,63161
52.9,90503
53.0,160354
53.1,149369
53.2,202030
53.3,19322
53.4,0
53.5,1937
53.6,156921
53.7,243998
53.8,264284
53.9,207225
54.0,241404
54.1,262704
54.2,49224
54.3,0
54.4,0
54.5,0
54.6,0
54.7,0
54.8,0
54.9,0
55.0,0
55.1,0
55.2,0
55.3,0
55.4,0
55.5,0
55.6,0
55.7,0
55.8,0
55.9,0
56.0,0
56.1,0
56.2,11194
56.3,144494
56.4,75327
56.5,38794
56.6,40612
56.7,24690
56.8,44793
56.9,91274
57.0,96280
57.1,94445
57.2,93375
57.3,69502
57.4,63635
57.5,41584
57.6,46318
57.7,48427
57.8,167129
57.9,190750
58.0,199904
58.1,302079
58.2,263032
58.3,60631
58.4,0
58.5,0
58.6,0
58.7,0
58.8,0
58.9,0
59.0,0
59.1,0
59.2,0
59.3,0
59.4,0
59.5,0
59.6,1930
59.7,89285
59.8,177847
59.9,97643
60.0,0
60.1,0
60.2,0
60.3,0
60.4,0
60.5,0
60.6,0
60.7,0
60.8,52074
60.9,135196
61.0,203775
61.1,202019
61.2,144104
61.3,196369
61.4,133802
61.5,100024
61.6,204118
61.7,235072
61.8,0
61.9,0
62.0,0
62.1,0
62.2,0
62.3,0
62.4,0
62.5,0
62.6,0
62.7,0
62.8,0
62.9,175019
63.0,119639
63.1,0
63.2,0
63.3,0
63.4,0
63.5,0
63.6,0
63.7,0
63.8,0
63.9,2540
64.0,13552
64.1,13238
64.2,3754
64.3,74536
64.4,217253
64.5,264476
64.6,243757
64.7,3130
64.8,747
64.9,0
65.0,446
65.1,0
65.2,1026
65.3,0
65.4,0
65.5,0
65.6,0
65.7,0
65.8,0
65.9,0
66.0,0
66.1,0
66.2,1532
66.3,140067
66.4,128111
66.5,0
66.6,2824
66.7,2584
66.8,0
66.9,0
67.0,0
67.1,0
67.2,0
67.3,0
67.4,46458
67.5,262434
67.6,236718
67.7,232279
67.8,225332
67.9,234476
68.0,244796
68.1,69813
68.2,0
68.3,0
68.4,0
68.5,0
68.6,0
68.7,0
68.8,0
68.9,0
69.0,0
69.1,0
69.2,0
69.3,0
69.4,0
69.5,0
69.6,72053
69.7,224424
69.8,16272
69.9,0
70.0,0
70.1,0
70.2,401
70.3,0
70.4,0
70.5,0
70.6,0
70.7,0
70.8,111068
70.9,229666
71.0,235648
71.1,280120
71.2,296515
71.3,246147
71.4,0
71.5,0
71.6,0
71.7,3865
71.8,815
71.9,0
72.0,0
72.1,0
72.2,0
72.3,0
72.4,0
72.5,0
72.6,0
72.7,0
72.8,0
72.9,0
73.0,0
73.1,0
73.2,0
73.3,0
73.4,0
73.5,0
73.6,0
73.7,0
73.8,0
73.9,0
74.0,0
74.1,59326
74.2,155305
74.3,10771
74.4,0
74.5,0
74.6,0
74.7,0
74.8,0
74.9,0
75.0,0
75.1,0
75.2,0
75.3,0
75.4,0
75.5,0
75.6,0
75.7,0
75.8,0
75.9,0
76.0,0
76.1,0
76.2,0
76.3,0
76.4,0
76.5,0
76.6,0
76.7,0
76.8,0
76.9,0
77.0,0
77.1,0
77.2,0
77.3,0
77.4,0
77.5,0
77.6,0
77.7,0
77.8,0
77.9,0
78.0,0
78.1,0
78.2,0
78.3,0
78.4,0
78.5,0
78.6,7220
78.7,124355
78.8,275030
78.9,281912
79.0,255417
79.1,275768
79.2,272599
79.3,20051
79.4,0
79.5,0
79.6,0
79.7,0
79.8,0
79.9,0
80.0,0
80.1,0
80.2,0
80.3,0
80.4,0
80.5,0
80.6,0
80.7,0
80.8,0
80.9,0
81.0,0
81.1,0
81.2,0
81.3,0
81.4,0
81.5,0
81.6,0
81.7,0
81.8,0
81.9,0
82.0,0
82.1,0
82.2,0
82.3,0
82.4,0
82.5,0
82.6,0
82.7,0
82.8,0
82.9,0
83.0,0
83.1,0
83.2,0
83.3,308
83.4,1327
83.5,0
83.6,0
83.7,0
83.8,0
83.9,0
84.0,0
84.1,0
84.2,0
84.3,0
84.4,0
84.5,0
84.6,0
84.7,0
84.8,0
84.9,2248
85.0,114312
85.1,156805
85.2,2077
85.3,0
85.4,0
85.5,0
85.6,0
85.7,0
85.8,0
85.9,0
86.0,0
86.1,0
86.2,0
86.3,0
86.4,0
86.5,0
86.6,0
86.7,0
86.8,0
86.9,0
87.0,0
87.1,0
87.2,0
87.3,0
87.4,0
87.5,0
87.6,0
87.7,0
87.8,0
87.9,0
88.0,0
88.1,0
88.2,0
88.3,0
88.4,0
88.5,0
88.6,705
88.7,0
88.8,0
88.9,0
89.0,0
89.1,0
89.2,0
89.3,0
89.4,0
89.5,0
89.6,0
89.7,0
89.8,0
89.9,0
90.0,0
90.1,0
90.2,92732
90.3,152195
90.4,211711
90.5,200658
90.6,170157
90.7,171304
90.8,186836
90.9,108324
91.0,0
91.1,0
91.2,0
91.3,0
91.4,0
91.5,0
91.6,0
91.7,0
91.8,0
91.9,0
92.0,0
92.1,0
92.2,0
92.3,0
92.4,0
92.5,0
92.6,0
92.7,0
92.8,0
92.9,295
93.0,154
93.1,0
93.2,0
93.3,0
93.4,0
93.5,0
93.6,0
93.7,0
93.8,0
93.9,449
94.0,0
94.1,0
94.2,0
94.3,0
94.4,0
94.5,0
94.6,15572
94.7,216203
94.8,6058
94.9,627
95.0,0
95.1,461
95.2,0
95.3,0
95.4,0
95.5,0
95.6,0
95.7,0
95.8,0
95.9,0
96.0,0
96.1,0
96.2,0
96.3,0
96.4,0
96.5,0
96.6,0
96.7,0
96.8,0
96.9,0
97.0,0
97.1,0
97.2,0
97.3,0
97.4,0
97.5,0
97.6,0
97.7,0
97.8,0
97.9,0
98.0,0
98.1,0
98.2,0
98.3,0
98.4,0
98.5,0
98.6,0
98.7,0
98.8,0
98.9,0
99.0,0
99.1,0
99.2,0
99.3,0
99.4,0
99.5,0
99.6,0
99.7,0
99.8,0
99.9,0
100.0,75445
100.1,124192
100.2,131145
100.3,172827
100.4,174986
100.5,125656
100.6,164539
100.7,218622
100.8,123169
100.9,0
101.0,0
101.1,0
101.2,0
101.3,0
101.4,0
101.5,0
101.6,0
101.7,7924
101.8,154
101.9,0
102.0,449
102.1,0
102.2,0
102.3,0
102.4,0
102.5,0
102.6,0
102.7,0
102.8,0
102.9,0
103.0,0
103.1,0
103.2,0
103.3,0
103.4,0
103.5,0
103.6,0
103.7,0
103.8,0
103.9,0
104.0,0
104.1,0
104.2,86423
104.3,155617
104.4,0
104.5,0
104.6,0
104.7,0
104.8,0
104.9,0
105.0,0
105.1,0
105.2,0
105.3,0
105.4,0
105.5,0
105.6,0
105.7,0
105.8,0
105.9,0
106.0,0
106.1,0
106.2,0
106.3,0
106.4,0
106.5,0
106.6,2642
106.7,3146
106.8,0
106.9,0
107.0,0
107.1,0
107.2,0
107.3,0
107.4,0
107.5,0
107.6,0
107.7,0
107.8,0
107.9,0
108.0,0
108.1,0
108.2,0
108.3,0
108.4,0
108.5,0
108.6,0
108.7,0
108.8,0
108.9,0
109.0,0
109.1,0
109.2,0
109.3,0
109.4,0
109.5,0
109.6,0
109.7,0
109.8,0
109.9,0
110.0,0
110.1,0
110.2,0
110.3,0
110.4,0
110.5,0
110.6,0
110.7,0
110.8,16410
110.9,43419
111.0,164633
111.1,122895
111.2,115004
111.3,93336
111.4,137172
111.5,146672
111.6,124225
111.7,70136
111.8,152379
111.9,134874
112.0,126270
112.1,180837
112.2,170237
112.3,122240
112.4,148758
112.5,138634
112.6,0
112.7,0
112.8,0
112.9,0
113.0,0
113.1,0
113.2,0
113.3,0
113.4,0
113.5,0
113.6,0
113.7,0
113.8,0
113.9,0
114.0,2057
114.1,4725
114.2,1355
114.3,0
114.4,0
114.5,0
114.6,0
114.7,0
114.8,0
114.9,0
115.0,0
115.1,111773
115.2,188950
115.3,0
115.4,0
115.5,0
115.6,0
115.7,0
115.8,0
115.9,0
116.0,0
116.1,0
116.2,0
116.3,0
116.4,0
116.5,0
116.6,0
116.7,0
116.8,0
116.9,0
117.0,0
117.1,0
117.2,0
117.3,0
117.4,0
117.5,0
117.6,0
117.7,0
117.8,0
117.9,0
118.0,0
118.1,0
118.2,0
118.3,0
118.4,0
118.5,0
118.6,0
118.7,0
118.8,0
118.9,0
119.0,0
119.1,0
119.2,0
119.3,0
119.4,0
119.5,0
119.6,0
119.7,0
119.8,0
119.9,0
120.0,0
120.1,0
120.2,0
120.3,0
120.4,0
120.5,0
120.6,0
120.7,0
120.8,0
120.9,0
121.0,0
121.1,0
121.2,0
121.3,0
121.4,0
121.5,0
121.6,0
121.7,0
121.8,0
121.9,0
122.0,5457
122.1,186445
122.2,249850
122.3,198949
122.4,168409
122.5,63894
122.6,79649
122.7,157073
122.8,178311
122.9,197262
123.0,119276
123.1,132425
123.2,40708
123.3,41374
123.4,67261
123.5,0
123.6,0
123.7,0
123.8,0
123.9,0
124.0,0
124.1,8301
124.2,127691
124.3,115742
124.4,0
124.5,0
124.6,0
124.7,0
124.8,1469
124.9,0
125.0,446
125.1,0
125.2,0
125.3,0
125.4,0
125.5,0
125.6,0
125.7,0
125.8,0
125.9,0
126.0,0
126.1,0
126.2,0
126.3,0
126.4,0
126.5,0
126.6,0
126.7,0
126.8,0
126.9,513
127.0,0
127.1,0
127.2,0
127.3,0
127.4,0
127.5,0
127.6,0
127.7,0
127.8,0
127.9,0
128.0,1026
128.1,0
128.2,0
128.3,0
128.4,0
128.5,0
128.6,0
128.7,0
128.8,0
128.9,0
129.0,1342
129.1,0
129.2,0
129.3,0
129.4,0
129.5,0
129.6,0
129.7,0
129.8,0
129.9,0
130.0,0
130.1,0
130.2,0
130.3,0
130.4,0
130.5,0
130.6,0
130.7,0
130.8,0
130.9,0
131.0,0
131.1,0
131.2,0
131.3,0
131.4,0
131.5,0
131.6,0
131.7,2473
131.8,102071
131.9,110012
132.0,97078
132.1,102774
132.2,176572
132.3,212737
132.4,164344
132.5,210631
132.6,270281
132.7,109113
132.8,0
132.9,0
133.0,0
133.1,0
133.2,0
133.3,0
133.4,0
133.5,0
133.6,0
133.7,0
133.8,0
133.9,0
134.0,0
134.1,0
134.2,0
134.3,0
134.4,0
134.5,0
134.6,0
134.7,0
134.8,0
134.9,0
135.0,18831
135.1,133855
135.2,77242
135.3,72242
135.4,0
135.5,0
135.6,0
135.7,0
135.8,0
135.9,0
136.0,0
136.1,0
136.2,0
136.3,0
136.4,0
136.5,0
136.6,0
136.7,0
136.8,0
136.9,0
137.0,0
137.1,0
137.2,0
137.3,0
137.4,0
137.5,0
137.6,0
137.7,0
137.8,0
137.9,0
138.0,0
138.1,449
138.2,0
138.3,0
138.4,0
138.5,0
138.6,0
138.7,0
138.8,0
138.9,0
139.0,638
139.1,353
139.2,0
139.3,0
139.4,0
139.5,0
139.6,0
139.7,0
139.8,0
139.9,0
140.0,0
140.1,0
140.2,0
140.3,0
140.4,0
140.5,0
140.6,0
140.7,0
140.8,0
140.9,0
141.0,0
141.1,0
141.2,0
141.3,0
141.4,0
141.5,0
141.6,0
141.7,0
141.8,500
141.9,0
142.0,0
142.1,0
142.2,0
142.3,0
142.4,0
142.5,0
142.6,0
142.7,0
142.8,0
142.9,0
143.0,0
143.1,0
143.2,0
143.3,0
143.4,0
143.5,0
143.6,0
143.7,33560
143.8,175983
143.9,198995
144.0,193893
144.1,198428
144.2,124477
144.3,145685
144.4,220937
144.5,195134
144.6,154
144.7,0
144.8,99962
144.9,105436
145.0,295
145.1,0
145.2,0
145.3,0
145.4,0
145.5,0
145.6,0
145.7,0
145.8,0
145.9,0
146.0,0
146.1,0
146.2,0
146.3,0
146.4,0
146.5,0
146.6,1698
146.7,3457
146.8,154
146.9,0
147.0,1001
147.1,0
147.2,0
147.3,0
147.4,0
147.5,0
147.6,0
147.7,0
147.8,0
147.9,0
148.0,0
148.1,0
148.2,0
148.3,0
148.4,0
148.5,0
148.6,0
148.7,0
148.8,0
148.9,0
149.0,0
149.1,0
149.2,0
149.3,0
149.4,0
149.5,0
149.6,0
149.7,0
149.8,0
149.9,0
150.0,0
150.1,0
150.2,0
150.3,0
150.4,0
150.5,0
150.6,0
150.7,0
150.8,0
150.9,0
151.0,0
151.1,0
151.2,0
151.3,0
151.4,0
151.5,0
151.6,0
151.7,401
151.8,0
151.9,0
152.0,0
152.1,0
152.2,0
152.3,0
152.4,0
152.5,0
152.6,0
152.7,0
152.8,0
152.9,0
153.0,0
153.1,0
153.2,0
153.3,0
153.4,0
153.5,0
153.6,0
153.7,0
153.8,0
153.9,0
154.0,0
154.1,0
154.2,0
154.3,0
154.4,0
154.5,0
154.6,0
154.7,0
154.8,0
154.9,672
155.0,0
155.1,461
155.2,0
155.3,0
155.4,0
155.5,0
155.6,0
155.7,0
155.8,0
155.9,0
156.0,0
156.1,0
156.2,0
156.3,0
156.4,0
156.5,0
156.6,0
156.7,0
156.8,0
156.9,0
157.0,0
157.1,0
157.2,0
157.3,0
157.4,0
157.5,0
157.6,0
157.7,0
157.8,0
157.9,0
158.0,0
158.1,0
158.2,0
158.3,0
158.4,0
158.5,0
158.6,0
158.7,0
158.8,0
158.9,0
159.0,0
159.1,0
159.2,0
159.3,0
159.4,0
159.5,0
159.6,0
159.7,0
159.8,0
159.9,0
160.0,0
160.1,0
160.2,0
160.3,0
160.4,0
160.5,0
160.6,0
160.7,0
160.8,0
160.9,0
161.0,0
161.1,0
161.2,0
161.3,0
161.4,0
161.5,0
161.6,0
161.7,0
161.8,3936
161.9,199
162.0,0
162.1,0
162.2,0
162.3,0
162.4,0
162.5,0
162.6,0
162.7,0
162.8,0
162.9,0
163.0,0
163.1,0
163.2,0
163.3,0
163.4,0
163.5,0
163.6,0
163.7,0
163.8,0
163.9,0
164.0,0
164.1,0
164.2,0
164.3,0
164.4,0
164.5,0
164.6,0
164.7,0
164.8,0
164.9,0
165.0,0
165.1,0
165.2,0
165.3,0
165.4,0
165.5,0
165.6,0
165.7,0
165.8,0
165.9,0
166.0,0
166.1,0
166.2,0
166.3,0
166.4,0
166.5,0
166.6,0
166.7,0
166.8,0
166.9,0
167.0,0
167.1,0
167.2,0
167.3,0
167.4,0
167.5,0
167.6,0
167.7,0
167.8,0
167.9,0
168.0,0
168.1,0
168.2,0
168.3,0
168.4,0
168.5,0
168.6,0
168.7,0
168.8,0
168.9,0
169.0,0
169.1,0
169.2,0
169.3,1141
169.4,0
169.5,0
169.6,0
169.7,0
169.8,0
169.9,0
170.0,0
170.1,0
170.2,0
170.3,0
170.4,0
170.5,0
170.6,0
170.7,0
170.8,0
170.9,0
171.0,0
171.1,0
171.2,0
171.3,0
171.4,0
171.5,0
171.6,0
171.7,0
171.8,0
171.9,0
172.0,0
172.1,0
172.2,0
172.3,0
172.4,0
172.5,0
172.6,0
172.7,0
172.8,0
172.9,0
173.0,0
173.1,0
173.2,0
173.3,0
173.4,0
173.5,0
173.6,0
173.7,0
173.8,0
173.9,0
174.0,0
174.1,0
174.2,0
174.3,0
174.4,0
174.5,0
174.6,0
174.7,0
174.8,0
174.9,154
175.0,211
175.1,0
175.2,0
175.3,0
175.4,0
175.5,0
175.6,0
175.7,0
175.8,0
175.9,0
176.0,0
176.1,0
176.2,0
176.3,0
176.4,0
176.5,0
176.6,0
176.7,0
176.8,0
176.9,0
177.0,0
177.1,0
177.2,0
177.3,0
177.4,0
177.5,0
177.6,0
177.7,0
177.8,0
177.9,0
178.0,0
178.1,0
178.2,0
178.3,0
178.4,0
178.5,0
178.6,0
178.7,0
178.8,0
178.9,0
179.0,0
179.1,0
179.2,0
179.3,0
179.4,0
179.5,0
179.6,0
179.7,0
179.8,0
179.9,0
180.0,0
180.1,0
180.2,0
180.3,0
180.4,0
180.5,0
180.6,0
180.7,0
180.8,0
180.9,0
181.0,0
181.1,0
181.2,0
181.3,0
181.4,0
181.5,0
181.6,0
181.7,0
181.8,0
181.9,0
182.0,0
182.1,0
182.2,0
182.3,0
182.4,0
182.5,0
182.6,0
182.7,0
182.8,0
182.9,0
183.0,2489
183.1,2787
183.2,1706
183.3,0
183.4,0
183.5,0
183.6,0
183.7,0
183.8,0
183.9,0
184.0,0
184.1,1908
184.2,3826
184.3,0
184.4,0
184.5,0
184.6,0
184.7,0
184.8,0
184.9,0
185.0,0
185.1,0
185.2,0
185.3,0
185.4,0
185.5,0
185.6,0
185.7,0
185.8,0
185.9,0
186.0,0
186.1,0
186.2,0
186.3,0
186.4,0
186.5,0
186.6,2744
186.7,5552
186.8,154
186.9,0
187.0,0
187.1,0
187.2,0
187.3,0
187.4,0
187.5,0
187.6,0
187.7,0
187.8,0
187.9,4186
188.0,0
188.1,446
188.2,0
188.3,0
188.4,0
188.5,0
188.6,0
188.7,0
188.8,0
188.9,0
189.0,0
189.1,0
189.2,0
189.3,0
189.4,0
189.5,0
189.6,0
189.7,1828
189.8,0
189.9,0
190.0,0
190.1,0
190.2,0
190.3,0
190.4,0
190.5,0
190.6,0
190.7,766
190.8,705
190.9,0
191.0,0
191.1,0
191.2,0
191.3,0
191.4,0
191.5,0
191.6,0
191.7,2490
191.8,11455
191.9,878
192.0,0
192.1,495
192.2,568
192.3,0
192.4,0
192.5,0
192.6,0
192.7,0
192.8,0
192.9,0
193.0,0
193.1,0
193.2,0
193.3,0
193.4,0
193.5,0
193.6,0
193.7,0
193.8,0
193.9,0
194.0,0
194.1,0
194.2,0
194.3,0
194.4,0
194.5,0
194.6,0
194.7,0
194.8,0
194.9,0
195.0,0
195.1,0
195.2,0
195.3,0
195.4,0
195.5,0
195.6,0
195.7,0
195.8,0
195.9,0
196.0,0
196.1,0
196.2,0
196.3,0
196.4,0
196.5,0
196.6,0
196.7,0
196.8,1652
196.9,0
197.0,0
197.1,0
197.2,0
197.3,0
197.4,0
197.5,0
197.6,0
197.7,0
197.8,0
197.9,0
198.0,0
198.1,0
198.2,0
198.3,0
198.4,0
198.5,0
198.6,0
198.7,0
198.8,0
198.9,0
199.0,0
199.1,0
199.2,0
199.3,0
199.4,0
199.5,0
199.6,0
199.7,0
199.8,0
199.9,0
200.0,0
200.1,0
200.2,0
200.3,0
200.4,0
200.5,0
200.6,0
200.7,0
200.8,0
200.9,0
201.0,0
201.1,0
201.2,0
201.3,0
201.4,0
201.5,0
201.6,0
201.7,0
201.8,0
201.9,0
202.0,0
202.1,0
202.2,0
202.3,0
202.4,0
202.5,0
202.6,0
202.7,0
202.8,0
202.9,0
203.0,0
203.1,0
203.2,0
203.3,0
203.4,0
203.5,0
203.6,0
203.7,0
203.8,0
203.9,0
204.0,0
204.1,0
204.2,0
204.3,0
204.4,0
204.5,0
204.6,0
204.7,0
204.8,0
204.9,0
205.0,0
205.1,0
205.2,0
205.3,0
205.4,0
205.5,0
205.6,0
205.7,0
205.8,0
205.9,0
206.0,0
206.1,0
206.2,0
206.3,0
206.4,0
206.5,0
206.6,0
206.7,0
206.8,0
206.9,0
207.0,0
207.1,0
207.2,0
207.3,0
207.4,0
207.5,0
207.6,0
207.7,0
207.8,0
207.9,0
208.0,0
208.1,0
208.2,0
208.3,0
208.4,0
208.5,0
208.6,0
208.7,0
208.8,0
208.9,0
209.0,0
209.1,0
209.2,0
209.3,0
209.4,0
209.5,0
209.6,0
209.7,0
209.8,0
209.9,0
210.0,0
210.1,0
210.2,0
210.3,0
210.4,0
210.5,0
210.6,0
210.7,0
210.8,0
210.9,0
211.0,0
211.1,0
211.2,0
211.3,0
211.4,0
211.5,0
211.6,0
211.7,0
211.8,0
211.9,0
212.0,0
212.1,0
212.2,0
212.3,0
212.4,0
212.5,0
212.6,0
212.7,0
212.8,0
212.9,0
213.0,0
213.1,0
213.2,0
213.3,0
213.4,0
213.5,0
213.6,0
213.7,0
213.8,0
213.9,0
214.0,0
214.1,0
214.2,0
214.3,0
214.4,0
214.5,0
214.6,0
214.7,0
214.8,0
214.9,0
215.0,0
215.1,0
215.2,0
215.3,0
215.4,0
215.5,0
215.6,0
215.7,0
215.8,0
215.9,0
216.0,0
216.1,0
216.2,0
216.3,0
216.4,0
216.5,0
216.6,0
216.7,0
216.8,0
216.9,0
217.0,0
217.1,0
217.2,0
217.3,0
217.4,0
217.5,0
217.6,0
217.7,0
217.8,502
217.9,0
218.0,461
218.1,0
218.2,0
218.3,0
218.4,0
218.5,0
218.6,0
218.7,0
218.8,0
218.9,0
219.0,0
219.1,0
219.2,0
219.3,0
219.4,0
219.5,0
219.6,0
219.7,0
219.8,0
219.9,0
220.0,312
220.1,0
220.2,0
220.3,0
220.4,0
220.5,0
220.6,0
220.7,0
220.8,0
220.9,0
221.0,0
221.1,0
221.2,0
221.3,0
221.4,0
221.5,0
221.6,0
221.7,0
221.8,2371
221.9,2358
222.0,0
222.1,0
222.2,0
222.3,0
222.4,0
222.5,0
222.6,5421
222.7,2174
222.8,0
222.9,0
223.0,0
223.1,0
223.2,0
223.3,0
223.4,0
223.5,0
223.6,0
223.7,0
223.8,0
223.9,0
224.0,0
224.1,375
224.2,0
224.3,0
224.4,0
224.5,0
224.6,0
224.7,0
224.8,0
224.9,0
225.0,276
225.1,0
225.2,0
225.3,0
225.4,0
225.5,0
225.6,0
225.7,0
225.8,0
225.9,0
226.0,0
226.1,0
226.2,0
226.3,0
226.4,0
226.5,0
226.6,5561
226.7,4075
226.8,199
226.9,0
227.0,0
227.1,0
227.2,0
227.3,0
227.4,0
227.5,0
227.6,0
227.7,0
227.8,0
227.9,0
228.0,0
228.1,0
228.2,0
228.3,324
228.4,0
228.5,0
228.6,0
228.7,0
228.8,0
228.9,0
229.0,0
229.1,0
229.2,0
229.3,1028
229.4,0
229.5,0
229.6,0
229.7,0
229.8,0
229.9,0
230.0,0
230.1,0
230.2,0
230.3,0
230.4,0
230.5,0
230.6,0
230.7,0
230.8,0
230.9,0
231.0,0
231.1,0
231.2,0
231.3,0
231.4,0
231.5,0
231.6,0
231.7,0
231.8,0
231.9,0
232.0,0
232.1,0
232.2,0
232.3,0
232.4,0
232.5,0
232.6,0
232.7,0
232.8,0
232.9,0
233.0,0
233.1,0
233.2,0
233.3,0
233.4,0
233.5,0
233.6,0
233.7,0
233.8,0
233.9,0
234.0,0
234.1,0
234.2,0
234.3,0
234.4,0
234.5,0
234.6,0
234.7,0
234.8,0
234.9,0
235.0,0
235.1,0
235.2,0
235.3,0
235.4,0
235.5,0
235.6,0
235.7,0
235.8,0
235.9,0
236.0,0
236.1,0
236.2,0
236.3,0
236.4,0
236.5,0
236.6,0
236.7,0
236.8,0
236.9,0
237.0,0
237.1,0
237.2,0
237.3,566
237.4,0
237.5,0
237.6,0
237.7,0
237.8,0
237.9,0
238.0,0
238.1,0
238.2,0
238.3,0
238.4,0
238.5,0
238.6,0
238.7,0
238.8,0
238.9,0
239.0,0
239.1,0
239.2,0
239.3,0
239.4,0
239.5,0
239.6,0
239.7,0
239.8,0
239.9,0
240.0,0
240.1,0
240.2,0
240.3,0
240.4,0
240.5,0
240.6,0
240.7,0
240.8,0
240.9,0
241.0,0
241.1,0
241.2,0
241.3,0
241.4,0
241.5,0
241.6,0
241.7,0
241.8,0
241.9,0
242.0,0
242.1,0
242.2,0
242.3,0
242.4,0
242.5,0
242.6,0
242.7,1680
242.8,0
242.9,0
243.0,0
243.1,0
243.2,0
243.3,0
243.4,0
243.5,0
243.6,3905
243.7,0
243.8,0
243.9,0
244.0,0
244.1,0
244.2,0
244.3,0
244.4,0
244.5,0
244.6,0
244.7,0
244.8,0
244.9,0
245.0,0
245.1,0
245.2,0
245.3,0
245.4,0
245.5,0
245.6,0
245.7,0
245.8,0
245.9,0
246.0,0
246.1,0
246.2,0
246.3,0
246.4,0
246.5,0
246.6,0
246.7,0
246.8,0
246.9,0
247.0,0
247.1,0
247.2,0
247.3,0
247.4,0
247.5,0
247.6,0
247.7,0
247.8,0
247.9,0
248.0,0
248.1,0
248.2,0
248.3,0
248.4,0
248.5,0
248.6,0
248.7,0
248.8,0
248.9,0
249.0,0
249.1,0
249.2,0
249.3,0
249.4,0
249.5,500
249.6,0
249.7,0
249.8,0
249.9,0
250.0,0
250.1,0
250.2,0
250.3,0
250.4,0
250.5,0
250.6,0
250.7,0
250.8,0
250.9,0
251.0,0
251.1,0
251.2,0
251.3,3736
251.4,0
251.5,0
251.6,0
251.7,0
251.8,0
251.9,9473
252.0,616
252.1,0
252.2,0
252.3,0
252.4,0
252.5,944
252.6,0
252.7,0
252.8,0
252.9,0
253.0,0
253.1,0
253.2,0
253.3,0
253.4,0
253.5,1208
253.6,0
253.7,0
253.8,0
253.9,0
254.0,0
254.1,0
254.2,0
254.3,0
254.4,0
254.5,1339
254.6,1662
254.7,0
254.8,0
254.9,0
255.0,0
255.1,0
255.2,0
255.3,0
255.4,0
255.5,0
255.6,1751
255.7,0
255.8,0
255.9,0
256.0,0
256.1,0
256.2,0
256.3,1251
256.4,0
256.5,0
256.6,0
256.7,0
256.8,0
256.9,2710
257.0,0
257.1,446
257.2,0
257.3,0
257.4,0
257.5,0
257.6,0
257.7,0
257.8,0
257.9,0
258.0,0
258.1,0
258.2,0
258.3,0
258.4,0
258.5,0
258.6,0
258.7,0
258.8,0
258.9,0
259.0,0
259.1,0
259.2,0
259.3,0
259.4,0
259.5,0
259.6,0
259.7,0
259.8,0
259.9,0
260.0,0
260.1,0
260.2,0
260.3,0
260.4,0
260.5,0
260.6,0
260.7,0
260.8,0
260.9,0
261.0,0
261.1,0
261.2,0
261.3,0
261.4,0
261.5,0
261.6,0
261.7,0
261.8,0
261.9,0
262.0,0
262.1,0
262.2,0
262.3,0
262.4,0
262.5,0
262.6,0
262.7,0
262.8,0
262.9,0
263.0,0
263.1,0
263.2,0
263.3,0
263.4,0
263.5,0
263.6,0
263.7,0
263.8,0
263.9,0
264.0,0
264.1,0
264.2,0
264.3,0
264.4,0
264.5,0
264.6,0
264.7,0
264.8,0
264.9,0
265.0,0
265.1,0
265.2,0
265.3,0
265.4,0
265.5,0
265.6,0
265.7,0
265.8,0
265.9,0
266.0,0
266.1,0
266.2,0
266.3,0
266.4,0
266.5,0
266.6,5973
266.7,6870
266.8,1348
266.9,0
267.0,0
267.1,0
267.2,0
267.3,0
267.4,0
267.5,0
267.6,0
267.7,0
267.8,0
267.9,0
268.0,0
268.1,0
268.2,0
268.3,0
268.4,0
268.5,0
268.6,0
268.7,0
268.8,0
268.9,0
269.0,0
269.1,0
269.2,0
269.3,0
269.4,0
269.5,0
269.6,0
269.7,0
269.8,0
269.9,0
270.0,0
270.1,0
270.2,0
270.3,0
270.4,0
270.5,0
270.6,0
270.7,0
270.8,0
270.9,0
271.0,0
271.1,0
271.2,0
271.3,0
271.4,0
271.5,0
271.6,0
271.7,0
271.8,0
271.9,0
272.0,0
272.1,0
272.2,0
272.3,0
272.4,0
272.5,0
272.6,0
272.7,0
272.8,0
272.9,0
273.0,0
273.1,0
273.2,0
273.3,0
273.4,0
273.5,0
273.6,0
273.7,0
273.8,0
273.9,0
274.0,0
274.1,0
274.2,0
274.3,0
274.4,0
274.5,0
274.6,877
274.7,0
274.8,0
274.9,0
275.0,0
275.1,0
275.2,0
275.3,0
275.4,0
275.5,0
275.6,0
275.7,0
275.8,0
275.9,0
276.0,0
276.1,0
276.2,0
276.3,0
276.4,0
276.5,0
276.6,0
276.7,0
276.8,0
276.9,0
277.0,0
277.1,0
277.2,0
277.3,0
277.4,0
277.5,0
277.6,0
277.7,0
277.8,0
277.9,0
278.0,1528
278.1,0
278.2,461
278.3,0
278.4,0
278.5,0
278.6,0
278.7,0
278.8,0
278.9,0
279.0,0
279.1,0
279.2,0
279.3,0
279.4,0
279.5,0
279.6,0
279.7,0
279.8,0
279.9,0
280.0,0
280.1,0
280.2,0
280.3,0
280.4,0
280.5,0
280.6,0
280.7,0
280.8,0
280.9,0
281.0,0
281.1,0
281.2,0
281.3,0
281.4,0
281.5,0
281.6,0
281.7,0
281.8,0
281.9,10075
282.0,552
282.1,0
282.2,0
282.3,0
282.4,0
282.5,0
282.6,0
282.7,0
282.8,0
282.9,0
283.0,0
283.1,0
283.2,0
283.3,0
283.4,0
283.5,0
283.6,0
283.7,0
283.8,0
283.9,0
284.0,0
284.1,0
284.2,0
284.3,0
284.4,0
284.5,0
284.6,0
284.7,0
284.8,0
284.9,0
285.0,0
285.1,0
285.2,0
285.3,0
285.4,0
285.5,0
285.6,0
285.7,0
285.8,0
285.9,0
286.0,0
286.1,0
286.2,0
286.3,0
286.4,0
286.5,0
286.6,0
286.7,0
286.8,0
286.9,576
287.0,0
287.1,0
287.2,0
287.3,0
287.4,0
287.5,0
287.6,0
287.7,0
287.8,0
287.9,0
288.0,0
288.1,0
288.2,0
288.3,0
288.4,0
288.5,0
288.6,0
288.7,0
288.8,0
288.9,0
289.0,0
289.1,0
289.2,0
289.3,0
289.4,0
289.5,0
289.6,0
289.7,0
289.8,0
289.9,0
290.0,0
290.1,0
290.2,0
290.3,0
290.4,0
290.5,0
290.6,0
290.7,0
290.8,0
290.9,0
291.0,0
291.1,0
291.2,0
291.3,0
291.4,0
291.5,0
291.6,0
291.7,0
291.8,0
291.9,0
292.0,0
292.1,0
292.2,0
292.3,0
292.4,0
292.5,0
292.6,0
292.7,0
292.8,0
292.9,0
293.0,0
293.1,0
293.2,0
293.3,0
293.4,0
293.5,0
293.6,0
293.7,0
293.8,0
293.9,0
294.0,0
294.1,0
294.2,0
294.3,0
294.4,0
294.5,0
294.6,0
294.7,0
294.8,0
294.9,0
295.0,0
295.1,0
295.2,0
295.3,0
295.4,0
295.5,0
295.6,0
295.7,0
295.8,0
295.9,0
296.0,0
296.1,0
296.2,0
296.3,0
296.4,0
296.5,0
296.6,0
296.7,0
296.8,0
296.9,0
297.0,0
297.1,0
297.2,0
297.3,0
297.4,0
297.5,0
297.6,0
297.7,0
297.8,0
297.9,0
298.0,0
298.1,0
298.2,0
298.3,0
298.4,0
298.5,0
298.6,0
298.7,0
298.8,0
298.9,0
299.0,0
299.1,0
299.2,0
299.3,0
299.4,0
299.5,0
299.6,0
299.7,0
299.8,0
299.9,0
300.0,0
300.1,0
300.2,0
300.3,0
300.4,0
300.5,0
300.6,0
300.7,0
300.8,0
300.9,0
301.0,0
301.1,0
301.2,0
301.3,0
301.4,0
301.5,0
301.6,0
301.7,0
301.8,0
301.9,0
302.0,0
302.1,0
302.2,0
302.3,0
302.4,0
302.5,0
302.6,0
302.7,0
302.8,0
302.9,0
303.0,0
303.1,0
303.2,0
303.3,0
303.4,375
303.5,0
303.6,0
303.7,0
303.8,0
303.9,0
304.0,0
304.1,0
304.2,0
304.3,0
304.4,0
304.5,0
304.6,0
304.7,0
304.8,0
304.9,0
305.0,0
305.1,0
305.2,0
305.3,0
305.4,0
305.5,0
305.6,0
305.7,0
305.8,0
305.9,0
306.0,0
306.1,0
306.2,0
306.3,0
306.4,0
306.5,0
306.6,2742
306.7,2505
306.8,154
306.9,0
307.0,0
307.1,0
307.2,0
307.3,0
307.4,0
307.5,0
307.6,0
307.7,0
307.8,0
307.9,0
308.0,0
308.1,0
308.2,0
308.3,0
308.4,0
308.5,0
308.6,0
308.7,0
308.8,0
308.9,0
309.0,0
309.1,0
309.2,0
309.3,0
309.4,0
309.5,0
309.6,0
309.7,0
309.8,0
309.9,0
310.0,0
310.1,0
310.2,0
310.3,0
310.4,0
310.5,0
310.6,0
310.7,0
310.8,0
310.9,0
311.0,0
311.1,0
311.2,0
311.3,0
311.4,0
311.5,0
311.6,0
311.7,0
311.8,0
311.9,4572
312.0,2376
312.1,353
312.2,0
312.3,0
312.4,0
312.5,0
312.6,0
312.7,0
312.8,0
312.9,0
313.0,0
313.1,0
313.2,0
313.3,0
313.4,0
313.5,0
313.6,0
313.7,0
313.8,0
313.9,0
314.0,0
314.1,0
314.2,0
314.3,0
314.4,0
314.5,0
314.6,0
314.7,0
314.8,0
314.9,0
315.0,0
315.1,0
315.2,0
315.3,0
315.4,0
315.5,0
315.6,0
315.7,0
315.8,0
315.9,0
316.0,0
316.1,0
316.2,0
316.3,388
316.4,0
316.5,0
316.6,0
316.7,0
316.8,0
316.9,487
317.0,276
317.1,446
317.2,0
317.3,776
317.4,186
317.5,0
317.6,0
317.7,0
317.8,0
317.9,0
318.0,0
318.1,0
318.2,0
318.3,0
318.4,1112
318.5,0
318.6,0
318.7,0
318.8,0
318.9,0
319.0,0
319.1,0
319.2,0
319.3,0
319.4,0
319.5,0
319.6,0
319.7,0
319.8,0
319.9,0
320.0,0
320.1,0
320.2,0
320.3,0
320.4,0
320.5,0
320.6,0
320.7,0
320.8,0
320.9,0
321.0,0
321.1,0
321.2,0
321.3,0
321.4,0
321.5,10982
321.6,1328
321.7,0
321.8,5244
321.9,15949
322.0,4146
322.1,154
